Word,ExpectedRate
0.1875,0
0.229166667,1
0.270833333,0
0.3125,0
0.354166667,0
0.4375,1
0.465972222,2
1,1
10,2
100,1
127,2
140,2
200,1
300,1
333,2
360,1
400,1
500,1
1000,1
2000,1
2009,1
2010,1
2011,2
2012,1
35064,1
35124,1
36557,1
40179,1
40237,1
41671,1
'',1
--,1
---,1
!,2
!',2
!!,1
!!!,1
"!!!""",1
!!!...,1
"!!""",1
!!..,1
!!...,1
!!:,1
"!""",2
!.,1
!..,1
!...,1
!:,1
!?,1
!?!,1
"""",1
$$,0
$$$,1
&&,1
&HEARTS,2
((,1
(),1
(@,1
({}),1
-),1
)),1
))),1
)RT,2
-*,2
**,1
*-*,1
***,1
*_*,1
*HUGS*,0
*MJB,1
*O*,1
*RT,1
*SIGH*,-1
.,1
.',1
.!,1
.!!,1
.!!!,1
..,1
..,1
..!,1
..!!,1
..!!!,1
"..""",1
...,1
...,0
...!,1
...!!,1
...!!!,1
"...""",1
...:,1
...?,1
..:,1
..?,1
..??,1
.:,1
.?,1
//,1
:,1
":""",1
:'(,-1
:-(,0
:((,-1
:(((,-1
:),5
:'),1
:-),2
:)),2
:))),2
:-/,0
::,1
:\,0
:],1
:D,1
:'D,1
:-D,2
:DD,2
:DDD,2
:-P,1
;(,-1
;-),2
;)),2
;/,-1
;;,1
;D,1
;O,0
;P,1
;S,0
?,0
?',1
?!,1
?!!!,0
?!?!,0
"?""",1
?.,1
?..,1
?...,1
?:,1
??,1
??!,0
??!!,0
???,0
\M/,2
\O/,1
^^,2
|VIA,2
<<,2
<<<,2
=(,-1
=),2
=)),1
=))),0
=/,0
=],1
==,0
->,1
>_<,0
><,0
>>,2
>RT,1
10AM,1
10TH,1
11TH,1
12TH,1
14TH,2
15TH,1
16TH,2
17TH,2
19TH,2
1ST,1
20TH,1
21ST,2
25TH,2
2AM,0
2DAY,1
2MORO,0
2MORROW,1
2ND,1
2NIGHT,1
2NITE,1
2PM,0
3AM,0
3RD,1
4AM,0
4TH,1
5AM,0
5PM,1
5TH,1
6AM,0
6PM,1
6TH,1
7AM,0
7PM,1
7TH,1
8AM,0
8PM,1
8TH,1
9AM,0
9PM,1
9TH,1
A.M.,1
AAA,-1
AAAH,0
AAAHH,0
AAAHHH,0
AAAI,-1
AAAW,1
AAH,0
AAHH,0
AAHHH,0
AARON,1
abandon,-2
abandoned,-2
abandons,-2
ABANG,1
ABC,1
abducted,-2
abduction,-2
abductions,-2
ABG,1
abhor,-3
abhorred,-3
abhorrent,-3
abhors,-3
ABI,1
abilities,2
ability,2
ABIS,0
ABIT,1
ABLE,0
aboard,1
ABRAZO,1
ABRIL,1
ABS,0
ABSEN,0
absentee,-1
absentees,-1
ABSOLUTE,1
ABSOLUTELY,1
absolve,2
absolved,2
absolves,2
absolving,2
absorbed,1
ABT,1
ABURRIDA,-1
ABURRIDO,-2
abuse,-3
abused,-3
abuses,-3
abusive,-3
ACA,1
ACABA,0
ACABAR,0
ACABO,0
ACADEMY,1
ACARA,1
ACC,2
ACCENT,2
accept,1
accepted,1
accepting,1
accepts,1
ACCESS,0
accident,-2
accidental,-2
accidentally,-2
accidents,-2
accomplish,2
accomplished,2
accomplishes,2
ACCORDING,1
ACCOUNT,1
ACCOUNTS,1
accusation,-2
accusations,-2
accuse,-2
accused,-2
accuses,-2
accusing,-2
ACE,2
ACH,1
ACHA,0
ache,-2
ACHEI,0
achievable,1
aching,-2
ACHTER,1
ACORDAR,1
ACORDEI,1
ACOUSTIC,2
acquit,2
acquits,2
acquitted,2
acquitting,2
acrimonious,-3
ACROSS,1
ACT,1
ACTING,0
ACTION,1
active,1
ACTOR,2
ACTUAL,1
ACTUALLY,1
ACUERDO,1
ADALAH,2
ADAM,1
ADANYA,1
ADD,2
ADDED,2
ADDICTED,2
ADDICTION,1
ADDING,2
ADDRESS,2
ADE,1
ADEK,1
ADELE,2
adequate,1
ADIK,1
ADIOS,1
ADJUSTMENT,2
ADMIN,2
admire,3
admired,3
admires,3
admiring,3
admit,-1
admits,-1
admitted,-1
admonish,-2
admonished,-2
ADO,0
adopt,1
adopts,1
adorable,3
adore,3
adored,3
ADOREI,3
adores,3
ADORO,2
ADUH,-1
ADULT,1
ADVANCE,2
advanced,1
advantage,2
advantages,2
adventure,2
adventures,2
adventurous,2
ADVICE,2
AEE,2
AEEE,2
AFF,-2
affected,-1
affection,3
affectionate,3
afflicted,-1
AFFORD,-1
affronted,-1
AFGELOPEN,-1
afraid,-2
AFRICA,1
AFTERNOON,2
AFTERWARDS,1
AGAK,1
AGAMA,1
AGAR,2
AGE,1
AGENDA,1
AGENTE,0
AGES,0
aggravate,-2
aggravated,-2
aggravates,-2
aggravating,-2
aggression,-2
aggressions,-2
aggressive,-2
aghast,-2
AGO,1
agog,2
agonise,-3
agonised,-3
agonises,-3
agonising,-3
agonize,-3
agonized,-3
agonizes,-3
agonizing,-3
AGR,0
agree,1
agreeable,2
agreed,1
agreement,1
agrees,1
AGUA,0
AHA,2
AHAA,2
AHAH,2
AHAHA,1
AHAHAH,1
AHAHAHA,1
AHAHAHAHA,1
AHAM,1
AHEAD,2
AHH,1
AHHA,1
AHHH,1
AHI,1
AHORITA,0
AIGHT,2
AIH,0
AII,0
AIII,0
AIM,1
AIN,-1
AINT,0
AIN'T,1
AIR,1
AIRPORT,0
AJA,1
AJAA,1
AJAAA,0
AJAH,1
AJAK,0
AJARIN,0
AJAX,1
AJE,0
AJJ,1
AKA,1
AKHIR,1
AKHIRNYA,2
AKI,0
AKO,1
AKTIF,0
AKUN,1
AKUNYA,0
AKUU,0
AKUUU,0
ALA,0
ALADDIN,2
ALAM,1
ALAN,1
alarm,-2
alarmed,-2
alarmist,-2
alarmists,-2
alas,-1
ALAY,0
ALBUM,2
ALBUMS,1
ALCOHOL,1
ALE,1
ALEGRO,2
alert,-1
ALEX,1
ALGO,0
ALGUEM,0
ALGUIEN,0
ALGUM,0
ALGUN,1
ALHAMDULILAH,3
ALHAMDULILLAH,3
ALICE,1
alienation,-2
ALIKE,3
alive,1
ALLAH,1
ALLEEN,0
ALLEMAAL,1
ALLEN,1
allergic,-2
ALLERGIES,-2
ALLES,1
ALLL,1
ALLOH,0
allow,1
ALLOWED,0
ALMA,1
ALMOST,1
alone,-2
ALONG,2
ALOT,1
ALREADY,0
ALRIGHT,2
ALSO,1
ALTHOUGH,1
ALTIJD,1
ALWAYS,1
ALWEER,0
AMA,1
AMAN,2
AMANDA,1
AMANHA,1
AMAR,1
AMAT,0
amaze,2
amazed,2
amazes,2
amazing,4
AMAZINGLY,2
AMAZON,1
AMBER,1
AMBIL,1
ambitious,2
ambivalent,-1
AMEN,3
AMERICA,1
AMERICAN,1
AMI,0
AMIEN,3
AMIGA,1
AMIGAS,1
AMIGO,1
AMIGOS,1
AMIIIN,3
AMIIN,3
AMIN,3
AMINN,3
AMINNN,3
AMO,1
AMOO,1
AMOOO,1
AMOOR,1
AMOR,1
AMORE,1
AMORES,2
AMOUNT,1
AMPE,0
AMPUN,-1
AMR,1
AMSTERDAM,1
amuse,3
amused,3
amusement,3
amusements,3
AMY,2
ANA,0
ANAK,1
ANAK2,1
ANAKNYA,1
ANATOMY,1
ANDA,1
ANDAI,0
ANDAR,0
ANDAS,1
ANDERE,1
ANDO,0
ANDREW,1
ANDROID,1
ANDY,1
ANE,1
ANEH,0
ANG,1
ANGEL,1
ANGELES,1
ANGELS,1
anger,-3
angers,-3
ANGIN,0
angry,-3
anguish,-3
anguished,-3
ANIMAL,1
ANIMALS,1
ANIMO,1
animosity,-2
ANJING,0
ANK,1
ANKLE,-1
ANN,1
ANNA,1
ANNE,2
ANNIV,3
ANNIVERSARY,3
annoy,-2
annoyance,-2
annoyed,-2
annoying,-2
annoys,-2
ANNYEONG,4
ANO,1
ANOCHE,0
ANOS,0
ANOTHER,1
ANSWER,1
ANSWERED,1
ANSWERING,1
ANSWERS,1
antagonistic,-2
ANTARA,1
ANTHONY,1
anti,-1
anticipation,1
ANTONIO,1
anxiety,-2
anxious,-2
ANYBODY,1
ANYMORE,-1
ANYONE,1
ANYTHING,1
ANYTIME,2
ANYWAY,1
ANYWAYS,1
ANYWHERE,0
APA2,0
APAA,1
APAAA,1
APAAN,0
APAKAH,1
APALAGI,0
APANYA,0
APAPUN,1
APART,0
APARTMENT,1
apathetic,-3
apathy,-3
APE,1
APENAS,0
apeshit,-3
APO,1
apocalyptic,-2
apologise,-1
apologised,-1
apologises,-1
apologising,-1
apologize,-1
apologized,-1
apologizes,-1
apologizing,-1
apology,-1
APP,1
appalled,-2
appalling,-2
APPARENTLY,0
APPEAR,0
APPEARS,0
appease,2
appeased,2
appeases,2
appeasing,2
applaud,2
applauded,2
applauding,2
applauds,2
applause,2
APPLE,1
APPLICATION,1
APPLY,1
APPOINTMENT,0
appreciate,2
appreciated,2
appreciates,2
appreciating,2
appreciation,2
apprehensive,-2
APPRENTICE,1
approval,2
APPROVE,2
approved,2
approves,2
APPS,1
APRIL,1
APT,1
AQI,1
ardent,1
AREA,1
ARENA,1
ARENT,0
ARGENTINA,1
ARGH,-2
ARI,1
ARIZONA,1
ARM,0
ARMS,0
ARMY,1
AROUND,1
arrest,-2
arrested,-3
arrests,-2
ARRIVE,1
ARRIVED,2
arrogant,-2
ARRUMANDO,2
ARRUMAR,2
ARSE,1
ARSENAL,1
ART,1
ARTICLE,2
ARTINYA,1
ARTIS,1
ARTIST,2
ARTISTS,2
ARTS,1
ASA,0
ASAL,1
ASAP,1
ASH,0
ashame,-2
ashamed,-2
ASHLEY,1
ASIIIK,2
ASIK,1
ASK,1
ASKED,1
ASKING,1
ASLEEP,0
ASLI,0
ass,-4
ASSALAMUALAIKUM,4
assassination,-3
assassinations,-3
asset,2
assets,2
assfucking,-4
asshole,-4
ASSIGNMENT,0
ASSIGNMENTS,0
ASSISTI,1
ASSISTINDO,2
ASSISTIR,1
ASSUME,1
ASTAGA,-1
ASTAGFIRULLAH,-1
astonished,2
astound,3
astounded,3
astounding,3
astoundingly,3
astounds,3
ASWELL,1
ASYIK,1
ATA,1
ATAS,2
ATAU,1
ATE,1
ATH,0
ATI,1
ATI2,1
ATL,1
ATLANTA,1
ATLEAST,1
ATM,0
ATO,1
ATTACHED,1
attack,-1
attacked,-1
attacking,-1
attacks,-1
ATTEMPT,1
ATTEND,0
ATTENTION,1
ATTITUDE,2
attract,1
attracted,1
attracting,2
attraction,2
attractions,2
ATTRACTIVE,2
attracts,1
ATUH,0
audacious,3
AUDIENCE,2
AUDIO,1
AUDITION,2
AUGUST,1
AULA,0
AUNQ,0
AUNQUE,1
AUNT,1
AUNTIE,1
AUNTY,1
AUSSIE,1
AUSTIN,1
AUSTRALIA,1
authority,1
AUTO,1
AVA,2
AVAILABLE,1
AVANYA,3
AVATAR,2
AVATARNYA,2
AVE,1
AVERAGE,1
avert,-1
averted,-1
averts,-1
AVI,3
avid,2
AVISO,1
avoid,-1
avoided,-1
avoids,-1
AVOND,1
AVONDJE,2
AVRIL,2
await,-1
awaited,-1
awaits,-1
AWAK,0
AWAKE,0
AWAL,1
award,3
awarded,3
awards,3
AWARE,1
AWAS,1
AWAY,0
AWE,1
awesome,4
AWESOMENESS,2
awful,-3
AWH,1
AWHH,1
AWHILE,1
awkward,-2
AWSOME,2
AWW,1
AWWH,1
AWWW,1
axe,-1
axed,-1
AXIS,1
AYA,1
AYAH,1
AYAM,1
AYE,2
AYEE,3
AYEEE,3
AYER,0
AYO,1
AYOK,1
AYOO,1
AYOOO,1
AYU,1
AYUDA,1
AYY,0
AYYY,0
B/C,0
BAB,1
BABE,1
BABES,1
BABI,1
BABIES,1
BABY,1
BABYSITTING,1
BABYYY,1
BAC,1
BACA,1
backed,1
BACKGROUND,2
backing,2
BACKK,2
backs,1
BACON,1
bad,-3
BADAN,-1
badass,-3
badly,-3
BAE,1
BAEK,2
BAG,1
BAGAIMANA,1
BAGI,2
BAGIAN,1
BAGS,1
BAGUS,2
BAH,0
BAHAGIA,2
BAHAHA,2
BAHASA,1
BAIK,2
BAIK2,2
BAIKLAH,2
bailout,-2
BAJU,1
BAK,1
BAKALAN,0
BAKAR,1
BAKE,2
BAKED,2
BAKING,2
BAKSO,1
BALANCE,1
BALAS,0
BALES,0
BALI,1
BALIK,0
BALL,1
BALLET,1
BALLS,1
BAM,1
bamboozle,-2
bamboozled,-2
bamboozles,-2
ban,-2
BANA,1
BANANA,2
BAND,2
BANDA,1
BANDS,1
BANDUNG,1
BANG,1
BANGEEET,0
BANGET,0
BANGGA,2
BANHO,2
banish,-1
BANK,1
bankrupt,-3
bankster,-3
banned,-2
BANTU,1
BANTUIN,0
BANYAK,1
BAPAK,1
BAR,1
BARBIE,1
BARCA,1
BARCELONA,1
BARE,0
BARELY,-1
bargain,2
barrier,-2
BARS,1
BARU,1
BARUSAN,0
BAS,1
BASE,1
BASEBALL,2
BASED,1
BASICALLY,1
BASKET,1
BASKETBALL,1
BASS,2
BASTA,1
bastard,-5
bastards,-5
BAT,0
BATAL,-1
BATERIA,-1
BATH,1
BATHROOM,0
BATMAN,1
BATTERY,-1
battle,-1
battles,-1
BATU,0
BATUK,-1
BAU,0
BAWA,1
BAWAIN,1
BAY,1
BAYAR,1
BBALL,1
BBC,1
BBL,2
BBM,0
BBQ,1
BBY,1
BCK,1
BDAY,2
B'DAY,3
B-DAY,2
BDG,1
BEACH,1
BEAN,1
BEANS,2
BEAR,1
BEARD,1
BEARS,1
BEAST,2
BEASTLY,2
BEAT,1
beaten,-2
beatific,3
beating,-1
BEATLES,2
BEATS,1
beauties,3
beautiful,3
beautifully,3
beautify,3
BEAUTY,2
BEB,0
BEBAS,1
BEBE,0
BEBEB,0
BEBEK,1
BEBER,0
BEBERAPA,0
BECAME,1
BECANDA,0
BECOME,1
BECOMING,1
BED,1
BEDA,1
BEDANKT,2
BEDJE,1
BEDROOM,1
BEDTIME,1
BEE,1
BEEF,1
BEER,2
BEERS,1
BEETJE,1
BEGADANG,1
BEGIN,1
BEGINI,-1
BEGINNEN,1
BEGINNING,1
BEGINS,1
BEGINT,1
BEGITU,1
BEH,0
BEHIND,1
BEIJO,1
BEIJOS,2
BEIN,1
BEKASI,1
BEL,1
BELAJAR,1
BELANJA,1
BELATED,2
BELFAST,1
BELI,0
BELIEBER,2
BELIEBERS,2
BELIEVE,0
BELIIN,0
belittle,-2
belittled,-2
BELL,1
BELLA,1
BELLE,1
BELLO,1
BELLY,1
BELOM,0
BELONG,1
beloved,3
BELT,1
BELUM,0
BENAR,1
BENCI,0
BENDE,2
BENDICIONES,3
BENEDEN,1
benefit,2
benefits,2
benefitted,2
benefitting,2
BENER,0
BENER2,0
BENERAN,0
BENI,1
BENIEUWD,3
BENT,1
BENTAR,1
BERAKHIR,1
BERANGKAT,1
BERANI,0
BERANTEM,0
BERAPA,1
BERARTI,1
BERASA,0
BERAT,0
BERDOA,2
BERDUA,1
BERDUKA,0
bereave,-2
bereaved,-2
bereaves,-2
bereaving,-2
BERENANG,0
BERES,1
BERHARAP,1
BERHASIL,2
BERHENTI,0
BERI,1
BERIKAN,2
BERITA,0
BERJALAN,2
BERJUANG,2
BERLIN,1
BERRY,1
BERSAMA,2
BERSYUKUR,2
BERTEMU,1
BERUBAH,0
BERUSAHA,2
BESAR,1
BESIDE,1
BESIDES,1
BESO,2
best,3
BESTEST,2
BESTFRIEND,1
BESTFRIENDS,1
BESTIE,1
BESTIES,2
BET,1
BETA,1
BETE,-1
BETER,1
betray,-3
betrayal,-3
betrayed,-3
betraying,-3
betrays,-3
BETTA,1
better,2
BETUL,1
BEY,0
BEYONCE,1
BEYOND,1
BEZIG,1
BFF,1
BGD,0
BGN,1
BGS,1
BGT,0
BGTU,1
BGUS,1
BHS,1
BIARIN,1
bias,-1
BIASA,1
BIASANYA,1
biased,-2
BIBLE,2
BIEBER,2
BIER,1
big,1
BIGGER,1
BIGGEST,1
BIJNA,0
BIKE,1
BIKIN,0
BIL,1
BILA,1
BILANG,0
BILL,1
BILLS,0
BILLY,1
BINGUNG,-1
BINNEN,1
BINTANG,1
BIO,1
BIOLOGY,0
BIR,2
BIRD,1
BIRDS,1
BIRMINGHAM,1
BIRTH,2
BIRTHDAY,3
BIRTHDAYYY,4
BIRU,1
BISA,0
BISAA,0
BISAAA,0
BISCUITS,1
BISMA,1
BISMILLAH,3
BIT,1
bitch,-5
bitches,-5
BITE,1
BITS,1
bitter,-2
bitterly,-2
BIZ,2
bizarre,-2
BJS,1
BKAN,1
BKIN,0
BKN,1
BLA,0
BLACK,1
BLACKBERRY,1
blah,-2
BLAJAR,1
blame,-2
blamed,-2
blames,-2
blaming,-2
BLANK,0
BLANKET,1
BLAST,2
BLASTING,2
BLEEDING,-2
BLEH,0
bless,2
BLESSED,4
blesses,2
blessing,3
BLEW,0
BLG,0
BLH,1
BLIJ,2
BLIJFT,1
BLIJVEN,1
blind,-1
bliss,3
blissful,3
blithe,2
BLJR,1
BLM,0
BLN,0
block,-1
blockbuster,3
blocked,-1
blocking,-1
blocks,-1
BLOCO,1
BLOG,2
BLOGGING,1
BLOGS,1
BLOM,0
BLONDE,1
BLOOD,0
bloody,-3
BLOW,1
BLOWING,1
BLOWN,0
BLOWS,-1
BLS,0
BLUE,1
BLUES,1
BLUM,0
BLUNT,2
blurry,-2
BLZ,1
BNER,0
BNGET,0
BNGT,0
BNGUN,0
BNR,0
BNYAK,1
BNYK,1
BOA,3
BOARD,1
BOARDING,1
boastful,-2
BOAT,1
BOB,1
BOBBY,1
BOBO,1
BODO,0
BODY,0
BOGOR,1
BOHONG,0
BOI,1
BOKAP,0
bold,2
boldly,2
BOLEH,1
bomb,-1
BONES,1
BONITA,2
BONITO,2
BONJOUR,4
BONNE,4
BONUS,2
BOO,0
BOOBS,0
BOOKED,1
BOOKING,1
BOOKS,1
BOONG,0
BOOOA,4
BOOOM,3
boost,1
boosted,1
boosting,1
boosts,1
BOOTH,2
BOOTS,1
BOOTY,1
bore,-2
bored,-2
boring,-3
BORROW,1
BOS,1
BOSAN,-1
BOSEN,0
BOSTON,1
bother,-2
bothered,-2
bothers,-2
bothersome,-2
BOTTLE,1
BOTTLES,2
BOTTOM,1
BOUGHT,1
BOUND,2
BOUTA,2
BOW,2
BOWLING,2
BOX,1
BOXES,1
BOY,1
boycott,-2
boycotted,-2
boycotting,-2
boycotts,-2
BOYS,1
BRACELET,1
BRAD,2
BRAIN,0
brainwashing,-3
BRAND,2
BRANDON,1
BRAPA,1
BRARTI,1
BRASIL,1
brave,2
BRAZIL,1
BRB,2
BREAD,1
BREAK,1
BREAKFAST,2
BREAKING,0
BREAKS,0
breakthrough,3
BREATH,1
BREATHE,0
BREATHING,0
breathtaking,5
BRENG,1
BRG,1
BRIAN,1
bribe,-3
BRIDGE,1
bright,1
brightest,2
brightness,1
brilliant,4
BRING,1
BRINGING,2
BRINGS,2
brisk,2
BRITISH,1
BRITNEY,1
BRO,2
broke,-1
broken,-1
brooding,-2
BROOKLYN,2
BROS,1
BROTHER,1
BROTHERS,1
BROUGHT,1
BROWN,1
BROWNIES,1
BRP,1
BRPA,1
BRRR,0
BRU,1
BRUH,1
BRUNA,1
BRUNCH,2
BRUNO,1
BSA,0
BSK,1
BSOK,0
BTW,2
BUAT,1
BUBBLE,1
BUBUR,0
BUCKS,1
BUD,1
BUDDIES,1
BUDDY,1
BUDGET,0
BUEN,2
BUENA,2
BUENAS,3
BUENO,1
BUENOS,2
BUFFALO,1
BUFFET,2
BUG,0
BUGS,1
BUH,0
BUILDING,1
BUITEN,1
BUKA,1
BUKANNYA,0
BUKAS,1
BUKU,1
BULAN,1
BULL,1
bullied,-2
BULLS,2
bullshit,-4
bully,-2
bullying,-2
BUM,0
BUMMED,-2
bummer,-2
BUMP,1
BUN,1
BUNCH,1
BUNDA,1
BUNG,2
BUNNY,1
BUONGIORNO,4
buoyant,2
burden,-2
burdened,-2
burdening,-2
burdens,-2
BUREAU,2
BURGER,1
BURGERS,1
BURLESQUE,2
BURN,0
BURNED,-1
BURNING,0
BURNT,-1
BURUK,0
BUS,0
BUSCAR,1
BUSINESS,1
BUST,1
BUSY,1
BUTT,1
BUTTER,1
BUTTON,1
BUTUH,0
BUU,0
BUUU,-1
BUY,1
BUYING,1
BUZZ,1
BWA,1
BWT,1
BYE,1
BYEE,2
BYEEE,2
BYK,1
CAB,1
CABELO,0
CABEZA,-1
CABLE,0
CADE,-2
CAE,1
CAFE,1
CAKE,2
CAKEP,2
CAKES,2
CALI,1
CALIFORNIA,1
CALL,1
CALLE,1
CALLED,1
CALLING,1
CALLS,1
calm,2
calmed,2
calming,2
calms,2
CALON,2
CALOR,0
CAM,1
CAMA,1
CAMBIAR,0
CAMBIO,1
CAME,1
CAMERA,0
CAMILA,0
CAMINO,1
CAMP,1
CAMPING,1
CAMPUS,1
CANADA,1
CANADIAN,1
CANAL,1
cancel,-1
CANCELED,-1
cancelled,-1
cancelling,-1
cancels,-1
cancer,-1
CANCION,1
CANCIONES,1
CANDY,1
CANELO,1
CANSADA,-1
CANSADO,0
can't stand,-3
CANTANDO,1
CANTIK,3
CAP,1
capable,1
CAPE,0
CAPEK,0
CAPITAL,1
CAPS,1
CAPTAIN,2
captivated,3
CARA,0
CARALHO,-1
CARAMEL,1
CARANYA,0
CARD,1
CARDIFF,1
CARDS,1
care,2
CAREER,1
carefree,1
careful,2
carefully,2
careless,-2
cares,2
CARI,1
CARING,2
CARLOS,1
CARNAVAL,1
CARNAVALES,0
CARNIVAL,1
CAROLINA,1
CARRO,0
CARRY,1
CARS,1
CASE,1
CASH,1
cashing in,-2
CASI,0
CASINO,1
CASITA,1
CASO,1
CAST,1
CASTLE,1
casualty,-2
CAT,0
catastrophe,-3
catastrophic,-4
CATCH,1
CATCHING,1
CATS,1
CAUGHT,1
CAUSA,0
CAUSE,1
cautious,-1
CBA,0
CEDO,0
CEDRIC,1
CEK,2
CEL,0
celebrate,3
celebrated,3
celebrates,3
celebrating,3
CELEBRATION,2
CELEBRITY,2
CELL,0
CELTICS,1
CELULAR,0
CEMBURU,0
CENA,2
CENAR,1
CENAT,0
censor,-2
censored,-2
censors,-2
CENTER,1
CENTRAL,2
CENTRE,1
CENTRO,1
CENUT,0
CEPAT,1
CEPET,1
CERAH,2
CERCA,0
CEREAL,1
CERITA,0
CERITANYA,0
certain,1
CERTAINLY,2
CERTEZA,1
CERTO,1
CEWE,1
CEWEK,1
CHA,1
chagrin,-2
chagrined,-2
CHAIR,1
challenge,-1
CHAMA,0
CHAMP,2
CHAMPAGNE,2
CHAMPION,2
CHAMPIONS,2
CHAMPIONSHIP,2
CHAMPS,3
chance,2
chances,2
CHANGE,1
CHANGED,1
CHANGES,1
CHANGING,1
CHANNEL,1
chaos,-2
chaotic,-2
CHAPTER,1
CHARACTER,1
CHARACTERS,1
CHARGE,0
charged,-3
CHARGER,-1
charges,-2
CHARITY,2
CHARLIE,1
CHARLOTTE,1
charm,3
charming,3
charmless,-3
CHASE,1
CHASING,1
chastise,-3
chastised,-3
chastises,-3
chastising,-3
CHAT,1
CHATA,-1
CHATO,-1
CHATTING,2
CHEAP,1
CHEAPER,1
cheat,-3
cheated,-3
cheater,-3
cheaters,-3
cheats,-3
CHECK,2
CHECKED,1
CHECKING,2
CHEEKY,2
cheer,2
cheered,2
cheerful,2
cheering,2
cheerless,-2
cheers,2
cheery,3
CHEESE,2
CHEESECAKE,1
CHEESY,2
CHEF,2
CHEGA,1
CHEGANDO,1
CHEGAR,1
CHEGOU,1
CHEGUEI,2
CHELSEA,1
CHEM,0
CHEMISTRY,0
cherish,2
cherished,2
cherishes,2
cherishing,2
CHERRY,1
CHEST,0
chic,2
CHICA,1
CHICAGO,1
CHICAS,1
CHICK,2
CHICKEN,1
CHICKS,1
CHICO,1
CHILDHOOD,1
childish,-2
CHILDREN,1
CHILLED,2
CHILLEN,2
CHILLIN,2
chilling,-1
CHILLY,1
CHIN,1
CHINESE,1
CHINGU,2
CHIP,1
CHIPOTLE,2
CHOCOLATE,1
CHOICE,1
CHOICES,1
CHOIR,1
choke,-2
choked,-2
chokes,-2
choking,-2
CHOOSE,1
CHORAR,-2
CHOSE,1
CHRIS,1
CHRIST,2
CHRISTIAN,1
CHRISTMAS,1
CHROME,1
CHUCK,1
CHURCH,2
CHUVA,0
CIAO,2
CICI,1
CIDADE,0
CIE,1
CIEE,2
CIEEE,1
CIELO,1
CIERTO,1
CIK,1
CIN,1
CINE,1
CINEMA,1
CINNAMON,2
CINTA,1
CIRCLE,1
CITA,0
CITY,1
CIUM,1
CKCK,0
CKCKCK,0
clarifies,2
clarity,2
CLARO,1
CLASE,0
CLASES,0
clash,-2
CLASS,1
CLASSES,1
CLASSIC,2
classy,3
clean,2
CLEANED,1
cleaner,2
CLEANING,1
clear,1
cleared,1
clearly,1
clears,1
CLEVELAND,1
clever,2
CLICK,1
CLIENT,1
CLIMA,1
CLIP,1
CLOCK,0
CLOSE,1
CLOSED,-1
CLOSER,1
CLOSET,1
CLOSING,0
CLOTHES,1
CLOUD,2
clouded,-1
CLOUDS,1
CLOUDY,0
CLUB,1
CLUBS,1
CLUE,0
clueless,-2
CMA,0
CMG,-1
CMO,1
CMON,1
C'MON,1
CNT,0
COACH,1
COAST,1
COAT,1
COBA,1
COCA,1
cock,-5
cocksucker,-5
cocksuckers,-5
cocky,-2
COCO,1
COCOK,1
COD,1
CODE,1
CODY,2
coerced,-2
COFFEE,1
COISAS,1
COK,1
COKE,1
COKLAT,1
COLA,1
COLD,-1
COLE,1
COLEGIO,0
collapse,-2
collapsed,-2
collapses,-2
collapsing,-2
COLLECTION,1
COLLEGE,1
collide,-1
collides,-1
colliding,-1
collision,-2
collisions,-2
colluding,-3
COLOCAR,1
COLOR,2
COLORADO,1
COLORS,2
COLOUR,1
combat,-1
combats,-1
COME,1
COMEBACK,1
comedy,1
COMENDO,1
comfort,2
comfortable,2
comforting,2
comforts,2
COMI,0
COMIC,1
COMIDA,1
COMIENDO,2
COMIN,1
COMING,1
commend,2
commended,2
COMMENTS,1
COMMERCIAL,1
COMMERCIALS,0
commit,1
commitment,2
commits,1
committed,1
committing,1
COMMON,1
COMMUNITY,1
COMP,0
COMPANY,1
COMPARED,1
compassionate,2
compelled,1
competent,2
COMPETITION,2
competitive,2
complacent,-2
complain,-2
complained,-2
COMPLAINING,1
complains,-2
COMPLETE,1
COMPLETED,1
COMPLETELY,0
COMPLICATED,0
COMPLIMENT,3
COMPRAR,1
comprehensive,2
COMPREI,1
COMPUTER,0
CONCERT,1
CONCERTS,1
CONCIERTO,0
conciliate,2
conciliated,2
conciliates,2
conciliating,2
condemn,-2
condemnation,-2
condemned,-2
condemns,-2
CONFERENCE,1
confidence,2
confident,2
CONFIRM,1
conflict,-2
conflicting,-2
conflictive,-2
conflicts,-2
confuse,-2
confused,-2
confusing,-2
congrats,2
congratulate,2
congratulation,2
congratulations,2
CONGRATZ,3
CONMIGO,0
CONNECT,1
CONNECTION,0
consent,2
consents,2
CONSIDER,2
CONSIDERING,1
consolable,2
conspiracy,-3
CONSTANTLY,0
constrained,-2
CONT,1
CONTA,0
CONTACT,1
CONTACTS,0
contagion,-2
contagions,-2
contagious,-1
CONTAR,0
contempt,-2
contemptuous,-2
contemptuously,-2
contend,-1
contender,-1
contending,-1
CONTENT,2
contentious,-2
CONTEST,1
contestable,-2
CONTIGO,1
CONTINUE,1
CONTINUES,1
CONTRA,0
CONTRACT,1
CONTROL,1
controversial,-2
controversially,-2
CONVERSATION,2
CONVERSATIONS,1
convince,1
convinced,1
convinces,1
convivial,2
CONVO,2
COOK,1
COOKED,2
COOKIE,1
COOKIES,1
COOKING,2
cool,1
cool stuff,3
COOLER,2
COOLEST,3
COOOL,2
COP,1
COPS,1
COPY,1
CORAZON,1
CORN,2
CORNER,1
cornered,-2
corpse,-1
CORRECT,2
COS,0
COSAS,1
COST,0
COSTA,1
costly,-2
COUCH,1
COUGH,-1
COUGHING,-2
COULDNT,0
COULD'VE,-1
COUNT,1
COUNTDOWN,2
COUNTING,1
COUNTRY,1
COUNTY,1
COUPLE,1
courage,2
courageous,2
COURSE,2
COURSEWORK,0
COURT,1
courteous,2
courtesy,2
COUSIN,1
COUSINS,1
COVER,2
COVERED,1
COVERS,1
cover-up,-3
COW,1
coward,-2
cowardly,-2
COWO,1
COWOK,1
COY,1
COZ,0
coziness,2
CPET,1
CPT,1
CRACK,1
CRACKED,0
CRACKING,2
cramp,-1
CRAMPS,-2
crap,-3
CRAPPY,-1
crash,-2
CRASHED,-1
CRAVING,0
crazier,-2
craziest,-2
crazy,-2
CREAM,1
CREATE,1
CREATED,2
CREATING,2
creative,2
CREDIT,1
CREEPY,1
CREER,0
crestfallen,-2
CREW,2
CRIB,1
CRICKET,1
cried,-2
cries,-2
crime,-3
criminal,-3
criminals,-3
crisis,-3
CRITA,0
critic,-2
criticism,-2
criticize,-2
criticized,-2
criticizes,-2
criticizing,-2
critics,-2
CROSS,1
CROSSED,2
CROWD,1
cruel,-3
cruelty,-3
CRUISE,1
CRUNCH,1
crush,-1
crushed,-2
crushes,-1
crushing,-1
cry,-1
crying,-2
CRYSTAL,1
CSI,1
CTFU,1
CUACA,1
CUALQUIER,1
CUANTO,0
CUARTO,0
CUCI,1
CUD,0
CUDDLE,0
CUDDLING,1
CUENTA,0
CUENTO,1
CUKUP,1
CULPA,-1
CUM,1
CUMA,0
CUMAN,0
CUMPLE,2
cunt,-5
CUP,1
CUPCAKE,1
CUPCAKES,2
CUPPA,2
CUPS,1
CURE,1
CURHAT,0
curious,1
CURLY,1
CURRENT,1
CURRENTLY,1
CURRY,1
curse,-1
CURSO,1
CUS,1
CUSTOMER,1
CUSTOMERS,1
cut,-1
cute,2
CUTEST,2
CUTIE,3
cuts,-1
cutting,-1
CUY,1
CUZ,1
CYA,2
cynic,-2
cynical,-2
cynicism,-2
CYRUS,2
DAAR,1
DAARNA,2
DACHT,1
DAD,1
DADDY,1
DADO,0
DADS,1
DAERAH,1
DAFTAR,1
DAGJE,1
DAH,1
DAHA,2
DAI,1
DAILY,1
DAK,0
DALAM,1
DALE,2
DALLAS,1
DAM,0
damage,-3
damages,-3
DAMAI,2
DAME,1
DAMMIT,-1
damn,-4
damned,-4
damnit,-4
DANCING,2
DANG,0
danger,-2
DANGEROUS,1
DANI,1
DANIEL,1
DANK,3
DANKE,4
DANNY,1
DAPAT,1
DAPET,1
DAQUI,1
DAR,0
DARAH,0
DARE,2
daredevil,2
daring,2
DARIPADA,1
DARK,1
darkest,-2
darkness,-1
DARL,1
DARLING,2
DARN,0
DASAR,1
DATA,0
DATANG,1
DATE,2
DATENG,0
DATES,1
DATING,1
DATS,1
DAUGHTER,1
dauntless,2
DAVE,1
DAVID,1
DAW,1
DAWN,1
DAY,1
DAYLIGHT,1
DAYS,1
DAYY,2
DAYYY,2
DDE,2
DEA,1
dead,-3
DEADLINE,0
deadlock,-2
deafening,-1
DEAL,1
DEAN,1
dear,2
dearly,3
death,-2
DEBATE,1
DEBE,1
DEBO,0
debonair,2
debt,-2
deceit,-3
deceitful,-3
deceive,-3
deceived,-3
deceives,-3
deceiving,-3
DECEMBER,1
DECENT,1
deception,-3
DECH,1
DECIDE,1
DECIR,0
DECISION,1
DECISIONS,1
decisive,1
DECK,1
DEDE,1
dedicated,2
DEE,1
DEEEH,0
DEEH,0
DEEP,1
DEF,1
defeated,-2
defect,-3
defects,-3
defender,2
defenders,2
defenseless,-2
defer,-1
deferring,-1
DEFF,1
defiant,-1
deficit,-2
DEFINATELY,2
DEFINITELY,2
DEFINITIVAMENTE,0
DEFO,1
DEG,1
degrade,-2
degraded,-2
degrades,-2
DEGREE,1
DEGREES,1
DEH,1
DEHH,0
dehumanize,-2
dehumanized,-2
dehumanizes,-2
dehumanizing,-2
DEI,1
DEIXA,0
DEIXAR,1
DEIXOU,-1
DEJA,0
DEJAR,0
DEJE,0
deject,-2
dejected,-2
dejecting,-2
dejects,-2
DEJO,0
DEK,2
DEKAT,1
DEKET,1
delay,-1
delayed,-1
DELETE,0
DELETED,0
DELICIOUS,2
delight,3
delighted,3
delighting,3
delights,3
DELIVER,1
DELIVERED,1
DELIVERY,1
DEMAM,-1
demand,-1
demanded,-1
demanding,-1
demands,-1
DEMASIADO,0
DEMI,1
DEMO,1
demonstration,-1
demoralized,-2
DENGAN,1
DENGER,0
DENGERIN,1
denied,-2
denier,-2
deniers,-2
denies,-2
DENK,1
denounce,-2
denounces,-2
DENOVO,0
DENTIST,-1
deny,-2
denying,-2
DEPENDS,2
DEPOIS,1
DEPOK,1
depressed,-2
depressing,-2
derail,-2
derailed,-2
derails,-2
DERBY,1
deride,-2
derided,-2
derides,-2
deriding,-2
derision,-2
DESAYUNO,1
DESCANSAR,2
DESCRIBE,1
DESCULPA,-1
DESEO,1
DESERVE,2
DESERVED,2
DESERVES,2
DESFILE,1
DESIGN,1
desirable,2
desire,1
desired,2
desirous,2
DESK,0
DESKTOP,1
despair,-3
despairing,-3
despairs,-3
desperate,-3
desperately,-3
DESPITE,1
despondent,-3
DESPUES,1
DESSA,0
DESSERT,2
destroy,-3
destroyed,-3
destroying,-3
destroys,-3
destruction,-3
destructive,-3
detached,-1
DETAILS,2
detain,-2
detained,-2
detention,-2
determined,2
DETROIT,1
DEU,-1
DEUS,0
DEV,1
devastate,-2
devastated,-2
devastating,-2
DEVIL,1
devoted,3
DEW,1
DEWASA,2
DEY,1
DEZE,1
DGN,1
DIAA,2
DIAAA,2
DIAJAK,0
diamond,1
DIAN,1
DIANA,1
DIARIES,1
DIAS,1
DIBALES,0
DIBILANG,0
DICEN,1
DICES,0
DICH,1
DICHO,1
dick,-4
dickhead,-4
die,-3
died,-3
DIEGO,1
DIEM,0
DIERON,0
DIET,0
DIFF,1
DIFFERENCE,1
DIFFERENT,1
difficult,-1
diffident,-2
DIFICIL,-1
DIGA,1
DIGAS,0
DIGO,1
DIH,0
DIIA,2
DIIIA,3
DIJE,0
DIJO,0
DIK,1
DIKASIH,1
DIKIT,1
DIL,1
dilemma,-1
DIMANA,1
DIME,1
DINDA,1
DINERO,0
DING,1
DINGEN,1
DINGIN,0
DINNER,2
DINSDAG,1
DIO,0
DIOS,1
DIP,1
dipshit,-3
DIR,2
dire,-3
DIRECT,1
DIRECTION,1
DIRECTORS,1
direful,-3
DIRI,1
DIRIKU,0
DIRIMU,1
dirt,-2
dirtier,-2
dirtiest,-2
dirty,-2
DIRUMAH,0
DIS,1
disabling,-1
disadvantage,-2
disadvantaged,-2
DISANA,1
disappear,-1
disappeared,-1
disappears,-1
disappoint,-2
disappointed,-2
disappointing,-2
disappointment,-2
disappointments,-2
disappoints,-2
disaster,-2
disasters,-2
disastrous,-3
disbelieve,-2
discard,-1
discarded,-1
discarding,-1
discards,-1
DISCO,1
disconsolate,-2
disconsolation,-2
discontented,-2
discord,-2
DISCOUNT,2
discounted,-1
discouraged,-2
DISCOVERED,1
discredited,-2
disdain,-2
DISFRUTA,2
DISFRUTAR,2
disgrace,-2
disgraced,-2
disguise,-1
disguised,-1
disguises,-1
disguising,-1
disgust,-3
disgusted,-3
disgusting,-3
disheartened,-2
DISHES,1
dishonest,-2
disillusioned,-2
disinclined,-2
DISINI,0
disjointed,-2
dislike,-2
dismal,-2
dismayed,-2
DISNEY,1
DISNEYLAND,1
disorder,-2
disorganized,-2
disoriented,-2
disparage,-2
disparaged,-2
disparages,-2
disparaging,-2
displeased,-2
dispute,-2
disputed,-2
disputes,-2
disputing,-2
disqualified,-2
disquiet,-2
disregard,-2
disregarded,-2
disregarding,-2
disregards,-2
disrespect,-2
disrespected,-2
disruption,-2
disruptions,-2
disruptive,-2
dissatisfied,-2
DISTANCE,1
distort,-2
distorted,-2
distorting,-2
distorts,-2
distract,-2
distracted,-2
distraction,-2
distracts,-2
distress,-2
distressed,-2
distresses,-2
distressing,-2
distrust,-3
distrustful,-3
disturb,-2
disturbed,-2
disturbing,-2
disturbs,-2
DISURUH,0
dithering,-2
DITINGGAL,-1
DITO,1
DITTO,1
DITUNGGU,3
DIVA,2
DIVERTIDO,1
dizzy,-1
DKT,1
DLL,1
DLM,1
DLU,1
DMANA,1
DMN,1
DMNA,1
DMS,1
DNG,1
DNK,1
DNT,0
DOA,2
DOAIN,2
DOAKAN,2
DOANG,0
DOANK,0
DOANYA,3
DOC,0
DOCTOR,0
DOCTORS,-1
DOCUMENTARY,1
dodging,-2
dodgy,-2
DOE,1
DOENTE,-2
does not work,-3
DOESNT,0
DOG,0
DOGS,1
DOI,0
DOIN,1
DOKTER,0
DOLL,2
DOLLAR,1
DOLLARS,1
DOLOR,-2
dolorous,-2
DOM,1
DOMINGO,1
DON,1
DONATE,1
DONE,2
DONG,1
DONGG,1
DONGGG,0
DONGS,1
DONK,1
DONT,0
dont like,-2
DONUTS,1
DOO,1
DOOD,-1
doom,-2
doomed,-2
DOONG,1
DOOO,1
DOOONG,0
DOOR,1
DOORS,1
DOPE,3
DOR,-2
DORMI,0
DORMINDO,0
DORMIR,1
DORMIRE,1
DOSA,0
DOSE,1
DOSEN,0
DOT,1
DOUBLE,1
doubt,-1
doubted,-1
doubtful,-1
doubting,-1
doubts,-1
douche,-3
douchebag,-3
DOUCHEN,1
DOUGIE,-1
downcast,-2
downhearted,-2
DOWNLOAD,1
DOWNLOADED,1
DOWNLOADING,1
downside,-2
DOWNSTAIRS,0
DOWNTOWN,2
DOY,1
DPN,0
DPS,1
DPT,1
DRAFT,1
drag,-1
dragged,-1
DRAGON,1
drags,-1
drained,-2
DRAW,1
DRAWING,1
dread,-2
dreaded,-2
dreadful,-3
dreading,-2
dream,1
DREAMING,1
dreams,1
dreary,-2
DRESS,1
DRESSED,1
DRESSES,2
DREW,1
DRI,1
DRINK,1
DRINKEN,2
DRINKIN,1
DRINKING,1
DRINKS,2
DRIVE,1
DRIVER,1
DRIVERS,1
DRIVING,1
DRMH,0
DROGA,-2
droopy,-2
drop,-1
DROPPED,0
DROPPING,1
DROVE,1
drown,-2
drowned,-2
drowns,-2
DRPD,1
DRTD,0
DRUG,1
DRUGS,1
DRUK,1
DRUM,1
drunk,-2
DRY,0
DSNI,0
DTG,0
DUA,1
DUAS,0
dubious,-2
DUBLIN,1
DUCK,1
dud,-2
DUDA,1
DUDE,1
DUDES,1
DUDUK,1
DUELE,-2
DUH,0
DUIT,0
DUKE,2
DUKUNG,1
DULCE,1
dull,-2
DULU,1
DULUAN,1
dumb,-3
dumbass,-3
dump,-1
dumped,-2
dumps,-1
DUN,1
DUNIA,2
DUNK,1
DUNNO,0
dupe,-2
duped,-2
DURMI,0
DUTY,1
DVD,1
DVR,1
DWN,1
DYA,0
DYE,1
DYING,0
dysfunction,-2
EAE,2
eager,2
EAR,0
EARLIER,1
EARLY,0
earnest,2
EARS,0
EARTH,1
EARTHQUAKE,0
ease,2
EASIER,1
EASILY,1
EAST,1
EASTER,1
easy,1
EAT,1
EATEN,0
EATING,1
EBAY,0
ECHO,0
ECHT,0
ecstatic,4
EDGE,1
EDIT,1
EDITING,1
EDITION,1
EDUCATION,1
EDWARD,1
EEE,1
EEH,1
EENS,1
eerie,-2
EERST,1
EERSTE,1
eery,-2
EFF,0
EFFECT,1
effective,2
effectively,2
EFFIN,0
EFFORT,1
EGG,1
EGGS,1
EGO,2
EGT,-1
EHEHE,2
EHEM,1
EHH,1
EHHH,1
EHM,1
EIGENLIJK,1
EINDELIJK,2
EITHER,0
elated,3
elation,3
ELECTRIC,1
elegant,2
elegantly,2
ELF,1
ELKAAR,1
ELLA,1
ELLO,2
ELO,0
ELSE,1
ELU,0
EMAIL,1
E-MAIL,1
EMAILS,1
EMAK,0
EMANG,0
embarrass,-2
embarrassed,-2
embarrasses,-2
embarrassing,-2
embarrassment,-2
embittered,-2
embrace,1
emergency,-2
EMG,0
EMILY,1
EMINEM,1
EMM,1
EMMA,2
EMNG,0
EMO,0
EMOSI,0
EMOTIONAL,0
empathetic,2
EMPEZAR,1
EMPIEZA,1
emptiness,-1
empty,-1
ENAK,0
ENAKNYA,1
ENCANTA,2
ENCANTO,2
enchanted,2
ENCONTRAR,1
encourage,2
encouraged,2
encouragement,2
encourages,2
ENCUENTRO,-1
END,1
ENDED,0
ENDING,0
endorse,2
endorsed,2
endorsement,2
endorses,2
ENDS,1
enemies,-2
enemy,-2
energetic,2
ENERGY,0
ENFIM,1
ENG,1
engage,1
engages,1
ENGGA,0
ENGGAK,0
ENGKAU,1
ENGLAND,1
ENGLISH,1
engrossed,1
enjoy,2
ENJOYED,3
enjoying,2
enjoys,2
ENK,0
enlighten,2
enlightened,2
enlightening,2
enlightens,2
ennui,-2
ENOUGH,1
enrage,-2
enraged,-2
enrages,-2
enraging,-2
enrapture,3
ENSERIO,0
enslave,-2
enslaved,-2
enslaves,-2
ensure,1
ensuring,1
ENTAH,0
ENTAR,1
ENTENDI,0
ENTER,1
enterprising,1
ENTERTAIN,1
entertaining,2
ENTERTAINMENT,1
enthral,3
enthusiastic,3
ENTIENDO,0
ENTIRE,1
entitled,1
ENTRA,0
ENTRAR,0
ENTRO,0
entrusted,2
ENVIDIA,0
envies,-1
envious,-2
envy,-1
envying,-1
ENZO,1
EPIC,1
EPISODE,1
EPISODES,0
EQUIPO,1
ERG,0
ERIC,1
ERIN,2
ERM,1
ERR,1
ERRANDS,1
erroneous,-2
error,-2
errors,-2
ERRR,0
ESAS,1
escape,-1
escapes,-1
escaping,-1
ESCOLA,0
ESCUCHANDO,2
ESCUCHAR,1
ESCUELA,0
ESO,0
ESOK,1
ESOS,0
ESP,1
ESPECIAL,2
ESPECIALLY,1
ESPERA,1
ESPERANDO,1
ESPERAR,1
ESPERO,1
ESPN,1
ESQUE,0
ESQUECI,-1
ESSAYS,0
ESTAS,1
esteemed,2
ESTO,0
ESTOS,0
ESTUDAR,0
ESTUDIAR,0
ESTUVO,1
ETA,1
ETC,1
ETEN,2
ethical,2
euphoria,3
euphoric,4
EURO,1
EUROPE,1
EUY,0
EVA,1
EVE,1
EVEN,0
EVENING,2
EVENT,1
EVENTS,1
EVENTUALLY,1
EVER,1
EVERRR,2
EVERY,1
EVERY1,1
EVERYBODY,2
EVERYDAY,1
EVERYONE,2
EVERYTHING,1
EVERYTIME,1
EVERYWHERE,0
EVET,2
eviction,-1
evil,-3
EWW,0
EWWW,-1
EXACT,1
EXACTLY,1
exaggerate,-2
exaggerated,-2
exaggerates,-2
exaggerating,-2
EXAM,0
EXAMEN,0
EXAMPLE,2
EXAMS,0
exasperated,2
EXCELENTE,3
excellence,3
excellent,3
EXCEPT,0
EXCHANGE,1
excite,3
excited,3
excitement,3
exciting,3
exclude,-1
excluded,-2
exclusion,-1
exclusive,2
excuse,-1
exempt,-1
EXERCISE,1
exhausted,-2
exhilarated,3
exhilarates,3
exhilarating,3
EXIST,0
EXISTE,1
EXIT,2
exonerate,2
exonerated,2
exonerates,2
exonerating,2
expand,1
expands,1
EXPECT,1
EXPECTED,1
EXPECTING,1
expel,-2
expelled,-2
expelling,-2
expels,-2
EXPENSIVE,-1
EXPERIENCE,1
EXPLAIN,1
exploit,-2
exploited,-2
exploiting,-2
exploits,-2
exploration,1
explorations,1
EXPO,1
expose,-1
exposed,-1
exposes,-1
exposing,-1
EXPRESS,1
extend,1
extends,1
EXTRA,1
EXTREME,0
EXTREMELY,0
exuberant,4
exultant,3
exultantly,3
EYE,0
EYEBROWS,1
EYES,0
FAB,2
fabulous,4
FACE,1
FACEBOOK,1
FACIAL,1
FACIL,1
FACT,1
FACTOR,2
FACTORY,1
FACTS,2
fad,-2
fag,-3
faggot,-3
faggots,-3
fail,-2
failed,-2
failing,-2
fails,-2
failure,-2
failures,-2
fainthearted,-2
fair,2
FAIRLY,2
faith,1
faithful,3
fake,-3
fakes,-3
faking,-3
FALA,0
FALANDO,0
FALAR,0
FALEI,0
FALL,0
fallen,-2
falling,-1
FALLS,1
FALO,0
FALOU,0
falsified,-3
falsify,-3
FALTA,0
FALTAN,1
FAM,2
fame,1
FAMILIA,2
FAMILIAR,2
FAMILY,1
FAMOUS,1
fan,3
FANCY,1
FANS,1
fantastic,4
FANTASY,1
FAR,1
farce,-1
FARM,1
fascinate,3
fascinated,3
fascinates,3
fascinating,3
fascist,-2
fascists,-2
FASHION,2
FAST,0
FASTER,1
FAT,0
fatalities,-3
fatality,-3
FATHER,1
fatigue,-2
fatigued,-2
fatigues,-2
fatiguing,-2
FAULT,0
FAV,2
FAVE,2
favor,2
favored,2
favorite,2
favorited,2
favorites,2
favors,2
FAVOURITE,2
FAVS,2
FAZE,0
FCK,1
FDS,0
fear,-2
fearful,-2
fearing,-2
fearless,2
fearsome,-2
FEAT,2
FEATURE,1
FEB,1
FED,0
fed up,-3
feeble,-2
FEED,1
FEEDBACK,2
FEEL,0
FEELIN,0
feeling,1
FEELINGS,0
FEELS,1
FEEST,1
FEET,0
FEIRA,1
FELICIDAD,2
FELICIDADES,4
FELIZ,2
FELL,0
FELLOW,2
felonies,-3
felony,-3
FELT,1
FEMALE,2
FEMALES,2
FEO,-1
FER,1
FERIADO,1
fervent,2
fervid,2
FEST,1
FESTA,1
FESTIVAL,1
festive,2
FEVER,0
fiasco,-3
FICANDO,-1
FICOU,0
fidgety,-2
FIELD,1
FIESTA,1
FIETS,1
FIETSEN,0
FIFA,1
fight,-1
FIGHTING,1
FIGURE,1
FIGURED,2
FIJN,2
FIJNE,3
FILE,0
FILES,0
FILL,1
FILLED,1
FILLING,1
FILM,1
FILME,1
FILMING,1
FILMS,1
FINAL,1
FINALE,0
FINALLY,2
FINALMENTE,3
FINALS,0
FIND,0
FINDE,1
FINDING,1
fine,2
FINGER,0
FINGERS,1
FINISH,1
FINISHED,1
FINNA,2
FIR,1
fire,-2
fired,-2
firing,-2
FIRST,1
FISH,1
FISIKA,1
fit,1
fitness,1
FITS,1
FIVE,1
FIX,0
FIXED,1
FIXIE,0
FIXING,1
flagship,2
FLASH,0
FLAT,0
flees,-1
FLIGHT,1
FLIGHTS,0
FLIP,1
FLOOR,1
flop,-2
flops,-2
FLOR,2
FLORIDA,1
FLOW,2
FLOWER,2
FLOWERS,1
flu,-2
flustered,-2
FLY,1
FLYING,1
FML,-2
FOCUS,1
focused,2
FODA,0
FOKUS,2
FOLBACK,4
FOLBEK,4
FOLKS,2
FOLL,4
FOLLBACK,4
FOLLBACKNYA,5
FOLLOW,3
FOLLOWBACK,4
FOLLOWED,3
FOLLOWER,2
FOLLOWERS,2
FOLLOWIN,2
FOLLOWING,2
FOLLOWNYA,5
FOLLOWS,2
FOME,-1
fond,2
fondness,2
FONE,0
FOOD,1
FOODS,1
fool,-2
foolish,-2
fools,-2
FOOT,0
FOOTBALL,1
forced,-1
foreclosure,-2
foreclosures,-2
FOREST,2
FOREVER,1
forget,-1
forgetful,-2
FORGETTING,0
forgive,1
forgiving,1
FORGOT,0
forgotten,-1
FORM,1
FORMA,1
FORREAL,1
FORT,1
fortunate,2
FORUM,1
FORWARD,1
FOSSE,-1
FOTO,1
FOTONYA,1
FOTOS,1
FOUND,1
FOUR,1
FOX,1
FRANCE,1
FRANCISCO,1
FRANKIE,0
frantic,-1
fraud,-4
frauds,-4
fraudster,-4
fraudsters,-4
fraudulence,-4
fraudulent,-4
FREAK,1
FREAKIN,0
FREAKING,0
free,1
freedom,2
FREEZING,-1
FRENCH,1
FRENTE,1
frenzy,-3
fresh,1
FRI,0
FRIDAY,2
FRIDAYS,1
FRIDGE,1
FRIED,1
FRIEND,1
friendly,2
FRIENDS,1
FRIENDSHIP,1
FRIES,1
fright,-2
frightened,-2
frightening,-3
frikin,-2
FRINGE,1
FRIO,0
frisky,2
FRM,1
FRONT,1
frowning,-1
FROZEN,0
FRUIT,1
frustrate,-2
frustrated,-2
frustrates,-2
frustrating,-2
frustration,-2
FRY,1
ftw,3
fuck,-4
fucked,-4
fucker,-4
fuckers,-4
fuckface,-4
fuckhead,-4
FUCKIN,0
fucking,-4
fucktard,-4
fud,-3
FUERTE,0
fuked,-4
fuking,-4
fulfill,2
fulfilled,2
fulfills,2
FULL,1
FULLY,1
fuming,-2
fun,4
funeral,-1
funerals,-1
funky,2
FUNN,2
funnier,4
FUNNIEST,2
FUNNN,2
funny,4
furious,-3
futile,2
FUTSAL,1
FUTURE,2
FYI,2
GAA,0
GAADA,-1
GABISA,-1
GADA,-1
gag,-2
GAGA,1
GAGAL,-1
gagged,-2
GAH,-1
gain,2
gained,2
gaining,2
gains,2
GAJADI,-1
GAK,0
GAL,2
GALAU,0
GALAXY,1
GALERA,2
GALING,3
gallant,3
gallantly,3
gallantry,3
GAMAU,-1
GAME,1
GAMES,1
GAMPANG,1
GAN,1
GANA,1
GANAR,1
GANAS,0
GANDA,3
GANG,1
GANGGU,1
GANO,1
GANTENG,2
GAPAPA,1
GAPERNAH,2
GARA,-1
GARA2,-1
GARAGE,1
GARDEN,1
GARGANTA,-2
GARLIC,2
GARY,1
GAS,0
GASUKA,2
GATAU,0
GAUL,1
GAUSAH,1
GAVE,1
GAY,1
GAYA,1
GBU,5
GEAR,1
GEDAAN,1
GEDE,0
GEE,1
GEEK,2
GEEZ,0
GEFELICITEERD,3
GEGETEN,2
GEHAD,1
GEK,0
GEL,1
GELAP,0
GELD,1
GELIJK,1
GELUKKIG,2
GEMIST,-1
GEN,1
GENDUT,0
GENERAL,1
generous,2
genial,3
GENIUS,2
GENOEG,1
GEORGE,1
GEORGIA,1
GEREJA,1
GERMAN,1
GERMANY,1
GESLAPEN,1
GET,1
GETS,1
GETTIN,1
GETTING,1
GEWEEST,1
GEWELDIG,2
GEWONNEN,2
GEWOON,1
GEWORDEN,1
GEZELLIG,3
GEZIEN,1
GGA,0
ghost,-1
GIANT,1
GIBI,2
giddy,-2
gift,2
GIFTS,2
GIG,2
GIGI,0
GIGS,1
GIH,0
GILA,0
GILIRAN,0
GIMANA,0
GIMME,1
GIN,1
GING,1
GINGER,1
GINI,-1
GIRL,2
GIRLFRIEND,1
GIRLIE,2
GIRLS,2
GIRLY,2
GISTER,1
GISTEREN,1
GIT,1
GITAR,1
GITU,0
GIVE,1
GIVEN,1
GIVES,1
GIVING,1
glad,3
glamorous,3
glamourous,3
GLASGOW,1
GLASS,1
GLASSES,0
glee,3
gleeful,3
GLOBAL,1
gloom,-1
gloomy,-2
glorious,2
glory,2
glum,-2
GMAIL,1
GMANA,0
GMN,0
GMNA,0
GMORNING,4
GNA,1
GNI,-1
GNIGHT,2
G'NIGHT,3
GNITE,2
GNT,1
GOAL,1
GOALS,2
god,1
goddamn,-3
GODS,1
godsend,4
GOED,2
GOEDE,2
GOEDEMORGEN,3
GOEIE,2
GOEIEMORGEN,2
GOES,1
GOIN,1
GOING,1
GOL,1
GOLD,2
GOLDEN,1
GOLF,1
GOMAWO,4
GOMEZ,1
GON,1
GONA,1
GONE,0
GONNA,1
GOO,1
good,3
GOODBYE,0
GOODLUCK,3
GOODMORNING,3
goodness,3
GOODNIGHT,3
GOODNITE,2
GOOGLE,1
GOOO,1
GOOOD,3
GORDA,0
GORENG,1
GORGEOUS,2
GOSH,0
GOSSIP,1
GOSTEI,2
GOSTO,1
GOT,1
GOTTA,1
GOTTEN,0
GOVERNMENT,1
GOWES,1
GPP,1
GR8,2
GRAAG,1
GRAB,2
grace,1
GRACIAS,3
gracious,3
GRAD,1
GRADE,2
GRADUATE,1
GRADUATION,1
GRAN,2
grand,3
GRANDE,1
GRANDMA,1
GRANDPA,0
GRANDPARENTS,1
GRANNY,1
grant,1
granted,1
granting,1
grants,1
GRAS,1
GRASS,1
grateful,3
gratification,2
GRATIS,1
grave,-2
GRAX,2
gray,-1
GRAZIE,4
great,3
greater,3
greatest,3
greed,-3
greedy,-2
GREEK,1
GREEN,1
green wash,-3
green washing,-3
greenwash,-3
greenwasher,-3
greenwashers,-3
greenwashing,-3
greet,1
greeted,1
greeting,1
greetings,2
greets,1
GRENADE,1
GREW,1
grey,-1
grief,-2
grieved,-2
GRILL,2
GRILLED,2
GRIND,1
GRIPE,-2
GROCERY,1
gross,-2
GROUND,1
GROUP,1
GROW,1
growing,1
GROWN,1
growth,2
GRR,-1
GRRR,-1
GTU,0
GUA,0
guarantee,1
GUD,2
GUESS,0
GUESSING,1
GUEST,2
GUIDE,1
guilt,-3
guilty,-3
GUITAR,1
gullibility,-2
gullible,-2
GUM,0
GUMP,2
gun,-1
GUNA,0
GUNNA,1
GURL,1
GURU,1
GUSTA,1
GUSTAN,1
GUSTO,1
GUT,2
GUTE,3
GUTEN,4
GUTTED,-2
GUY,1
GUYS,1
GUZEL,3
GWN,0
GWS,1
GYM,1
ha,2
HAA,1
HAAA,0
HAAR,1
HAAT,-1
HAB,1
HABER,0
HABIA,0
HABIS,0
HABLA,0
HABLAMOS,1
HABLANDO,1
HABLAR,0
HABLO,0
HACIA,1
HACK,0
hacked,-1
HADIR,2
HADUH,-1
HAGA,1
HAH,1
haha,3
HAHAA,1
HAHAAA,1
HAHAH,1
hahaha,3
HAHAHAA,1
hahahah,3
HAHAHAHA,1
HAHAHAHAH,1
HAHAHAHAHA,1
HAHAHAHAHAHA,1
HAHAHART,1
HAHAHHA,1
HAHART,1
HAHHA,1
HAHHAA,1
HAHHAHA,1
HAII,3
HAIII,2
hail,2
hailed,2
HAIR,1
HAIRCUT,1
HAL,1
HALA,1
HALEN,1
HALF,1
HALFWAY,0
HALL,1
HALLO,3
HALO,3
HALOO,3
HALOOO,3
HAM,1
HAMBRE,-1
HAND,1
HANDLE,1
HANDS,1
HANDSOME,2
HANG,1
HANGIN,2
HANGING,2
HANGOUT,1
HANGOVER,0
HANNAH,1
HANYA,1
HAPE,0
hapless,-2
haplessness,-2
HAPPEN,0
HAPPENED,0
HAPPENING,0
HAPPENS,1
HAPPIER,2
HAPPIEST,2
HAPPILY,2
happiness,3
HAPPPY,3
happy,3
HARAPAN,1
hard,-1
HARDCORE,1
HARDER,0
HARDEST,0
hardier,2
HARDLY,0
hardship,-2
hardy,2
HARE,1
HARGA,1
HARI,1
harm,-2
harmed,-2
harmful,-2
harming,-2
harms,-2
harried,-2
HARRY,2
harsh,-2
harsher,-2
harshest,-2
HARUS,1
HARUSNYA,0
HASHTAG,2
HASIL,1
HASILNYA,1
HASNT,-1
HAT,1
hate,-3
hated,-3
HATER,1
haters,-3
hates,-3
HATI,1
HATI2,2
HATIKU,1
hating,-3
haunt,-1
haunted,-2
haunting,1
haunts,-1
HAV,1
HAVENT,0
HAVIN,1
HAVNT,0
havoc,-2
HAWAII,1
HAYA,1
HAYO,1
HAYOO,1
HAYU,0
HAZ,0
HBD,4
HBS,0
HBU,3
HEAD,0
HEADACHE,-2
HEADING,1
HEADPHONES,0
HEADS,1
HEALTH,1
healthy,2
HEAR,1
HEARING,1
heartbreaking,-3
heartbroken,-3
heartfelt,3
HEARTS,1
HEAT,1
heaven,2
heavenly,4
heavyhearted,-2
HEBBEN,1
HEBT,1
HECHO,1
HECK,1
HEE,2
HEECHUL,-1
HEEE,1
HEEEY,2
HEEL,1
HEELS,1
HEEN,1
HEERLIJK,3
HEEY,3
HEH,1
HEHE,2
HEHEE,2
HEHEH,2
HEHEHE,2
HEHEHEH,2
HEHEHEHE,2
HEHERT,1
HEHHE,2
HEII,2
HEIN,1
HELAAS,-1
HELADO,0
HELD,1
HELE,0
HELEMAAL,0
hell,-4
HELLA,1
HELLO,3
HELLOO,3
HELLOOO,2
help,2
HELPED,2
helpful,2
helping,2
helpless,-2
helps,2
HEN,1
HEPI,3
HERMANA,0
HERMANO,1
HERMOSA,2
HERMOSO,2
hero,2
heroes,2
heroic,3
HES,1
hesitant,-2
hesitate,-2
HEUTE,2
HEY,2
HEYY,2
HEYYY,2
HHA,1
HHAA,1
HHAHA,1
HHE,2
HHEHE,2
HHH,-1
HHI,1
HICE,0
hid,-1
hide,-1
hides,-1
hiding,-1
HIDUP,1
HIGH,1
HIGHER,2
highlight,2
HIGHLY,1
HIHI,2
HIHIHI,2
HII,2
HIII,2
HIKS,-2
HILANG,0
hilarious,2
HILL,1
HILLS,1
HINDI,1
hindrance,-2
HINT,2
HIP,1
HISTORIA,1
HISTORY,1
HITS,1
HITTIN,2
HITTING,1
HIYA,2
HIZO,0
HMM,1
HMMM,1
HMU,2
hoax,-2
HOCKEY,1
HOES,2
HOHO,1
HOHOHO,2
HOI,2
HOLA,2
HOLAA,3
HOLAAA,3
HOLD,1
HOLDING,1
HOLE,0
HOLIDAY,1
HOLIDAYS,0
HOLLA,2
HOLLY,1
HOLLYWOOD,1
HOLY,1
HOMBRE,1
HOME,1
HOMEE,1
HOMEEE,1
HOMEMADE,3
homesick,-2
HOMETOWN,1
HOMEWORK,0
HOMIE,2
HOMIES,1
HOMO,1
honest,2
HONESTLY,1
HONEY,1
honor,2
honored,2
honoring,2
honour,2
honoured,2
honouring,2
HOO,1
HOOD,1
HOODIE,1
HOOK,2
hooligan,-2
hooliganism,-2
hooligans,-2
HOOO,1
HOOP,1
HOOR,1
HOORAY,2
HOP,2
hope,2
hopeful,2
hopefully,2
hopeless,-2
hopelessness,-2
hopes,2
hoping,2
HORA,1
horrendous,-3
horrible,-3
horrific,-3
horrified,-3
HORROR,0
HORSE,1
HOSPITAL,-1
HOST,1
hostile,-2
HOSTING,1
HOT,1
HOTEL,1
HOU,1
HOUR,0
HOURS,0
HOUSE,1
HOUSEWIVES,1
HOUSTON,1
HOWARD,1
HOWEVER,1
HOWS,2
HOY,1
HRI,1
HRS,0
HRUS,0
HTC,1
HUAAA,-1
HUB,1
HUBBY,1
huckster,-2
HUFT,-1
hug,2
huge,1
hugs,2
HUH,0
HUHU,-1
HUHUHU,-1
HUIS,1
HUISWERK,0
HUJAN,0
HUM,1
HUMAN,1
humerous,3
humiliated,-3
humiliation,-3
humor,2
humorous,2
humour,2
humourous,2
HUNG,0
hunger,-2
HUNGOVER,0
HUNGRY,-1
HUNNY,1
HUNT,1
HUNTING,1
hurrah,5
HURRY,1
hurt,-2
hurting,-2
hurts,-2
HUSBAND,1
HUSH,1
HUT,1
HUUU,-1
HVE,1
HYPE,1
hypocritical,-2
hysteria,-3
hysterical,-3
hysterics,-3
IAA,1
IAH,1
IAM,1
IAN,1
IBADAH,3
IBU,1
ICE,1
ICECREAM,1
ICED,1
ICHA,2
ICIN,2
ICON,2
IDC,2
IDD,1
IDE,1
IDEA,1
IDEAL,2
IDEAS,1
IDEE,1
idiot,-3
idiotic,-3
IDIOTS,1
IDK,0
IDO,-1
IDOL,1
IDUNG,-1
IEDEREEN,0
IEMAND,0
IETS,1
ignorance,-2
ignorant,-2
ignore,-1
ignored,-2
ignores,-1
IGNORING,0
IGUAL,1
IGUALMENTE,4
IHH,0
IHHH,-1
IHOP,2
IIA,1
IIH,0
III,1
IKAN,0
IKAW,2
IKEA,1
IKHLAS,1
IKI,0
IKLAN,1
IKR,0
IKT,0
IKU,0
IKUT,0
IKUTAN,0
ILANG,-1
ill,-2
illegal,-3
illiteracy,-2
illness,-2
illnesses,-2
ILOVE,3
ILOVEYOU,2
ILY,2
IMA,1
I'MA,1
IMAGE,1
IMAGINE,1
IMAGINO,0
imbecile,-3
IMMA,1
immobilized,-1
immortal,2
immune,1
impatient,-2
imperfect,-2
IMPIAN,3
IMPORTA,1
importance,2
important,2
IMPORTANTE,1
impose,-1
imposed,-1
imposes,-1
imposing,-1
IMPOSSIBLE,0
impotent,-2
impress,3
impressed,3
impresses,3
impressive,3
imprisoned,-2
improve,2
improved,2
improvement,2
improves,2
improving,2
IMUT,2
IMY,0
INA,1
inability,-2
inaction,-2
inadequate,-2
INBOX,1
INC,2
incapable,-2
incapacitated,-2
incensed,-2
INCEPTION,2
INCLUDE,1
INCLUDING,1
incompetence,-2
incompetent,-2
inconsiderate,-2
inconvenience,-2
inconvenient,-2
increase,1
increased,1
INCREDIBLE,2
INCREDIBLY,1
INCREIBLE,2
INDAH,2
indecisive,-2
INDEED,2
indestructible,2
INDIA,1
INDIAN,1
INDIANA,2
indifference,-2
indifferent,-2
indignant,-2
indignation,-2
indoctrinate,-2
indoctrinated,-2
indoctrinates,-2
indoctrinating,-2
INDONESIA,2
ineffective,-2
ineffectively,-2
infatuated,2
infatuation,2
infected,-2
inferior,-2
inflamed,-2
influential,2
INFONYA,3
INFORMATION,2
infringement,-2
infuriate,-2
infuriated,-2
infuriates,-2
infuriating,-2
ING,1
INGAT,1
INGIN,1
INGLES,1
inhibit,-1
injured,-2
injury,-2
injustice,-2
INK,1
innovate,1
innovates,1
innovation,1
innovative,2
inquisition,-2
inquisitive,2
insane,-2
insanity,-2
insecure,-2
insensitive,-2
insensitivity,-2
INSIDE,0
insignificant,-2
insipid,-2
inspiration,2
inspirational,2
inspire,2
inspired,2
inspires,2
inspiring,3
INSTALL,0
INSTALLED,1
INSTANT,1
INSTEAD,0
insult,-2
insulted,-2
insulting,-2
insults,-2
INSURANCE,0
INSYA,2
INSYAALLAH,3
intact,2
integrity,2
intelligent,2
intense,1
INTER,1
interest,1
interested,2
interesting,2
interests,1
INTERNATIONAL,1
INTERNET,0
interrogated,-2
interrupt,-2
interrupted,-2
interrupting,-2
interruption,-2
interrupts,-2
INTERVIEW,2
INTERVIEWS,1
intimidate,-2
intimidated,-2
intimidates,-2
intimidating,-2
intimidation,-2
intricate,2
intrigues,1
INTRO,3
invincible,2
invite,1
INVITED,0
inviting,1
INVOLVED,1
invulnerable,2
IOS,1
IPA,1
IPAD,1
IPHONE,1
IPOD,0
IPS,1
irate,-3
IRE,1
IRELAND,1
IRI,-1
IRISH,2
IRME,0
IRON,1
ironic,-1
irony,-1
irrational,-1
irresistible,2
irresolute,-2
irresponsible,2
irreversible,-1
irritate,-3
irritated,-3
irritating,-3
ISA,0
ISH,0
ISI,0
ISLAND,2
ISNT,0
ISO,0
isolated,-1
ISS,0
ISSUE,1
ISSUES,0
ISTIRAHAT,1
ITALIAN,2
ITALY,1
itchy,-2
IT'D,1
ITEM,1
ITEMS,1
IT'LL,1
ITT,1
ITTT,1
ITUNES,1
IVE,0
IYA,1
IYAA,1
IYAAA,1
IYAH,1
IYE,1
IYI,4
IYO,1
JAA,1
JAAA,1
JAAR,1
JACK,1
jackass,-4
jackasses,-4
JACKET,1
JACKSON,1
JACOB,1
JADI,0
JADIAN,1
JADINYA,0
JADWAL,0
JAGA,1
JAH,0
JAHAT,-1
JAIL,0
jailed,-2
JAJA,1
JAJAJ,1
JAJAJA,1
JAJAJAJ,1
JAJAJAJA,1
JAJAJAJAJ,1
JAJAJAJAJA,1
JAJAJAJAJAJA,0
JAK,1
JAKARTA,1
JAKE,1
JALAN,0
JALAN2,1
JAM,1
JAMAN,1
JAMES,1
JAMIE,2
JAMMER,-1
JAMMIN,3
JAMMING,3
JAN,1
JANE,1
JANGAN,1
JANJI,0
JANTAR,2
JAPAN,1
JAPANESE,1
JAR,1
JARANG,0
JARIG,2
JASMINE,2
JASON,1
JATUH,1
JAUH,0
jaunty,2
JAVA,1
JAVAJAZZ,0
JAWA,1
JAWAB,1
JAY,1
JAZZ,1
JDI,0
jealous,-2
JEANS,1
JEFF,1
JEITO,0
JEJE,1
JEJEJE,2
JELAS,0
JELEK,0
JELLY,1
JEMPUT,0
JEN,1
JENG,1
JENNIFER,2
JENNY,1
jeopardy,-2
JEREMY,1
jerk,-3
JERRY,1
JERSEY,1
JESS,1
JESSE,1
JESSICA,2
JESSIE,2
jesus,1
JET,1
jewel,1
jewels,1
JGA,1
JGN,1
JIAH,1
JIJI,1
JIKA,1
JIM,2
JIMMY,1
JIWA,1
JJF,1
JKT,0
JLN,1
JOB,1
jocular,2
JODOH,1
JOE,1
JOGANDO,1
JOGAR,1
JOGGING,1
JOGJA,1
JOH,1
JOHNNY,2
JOHNSON,2
join,1
JOINED,2
JOINING,2
JOINT,1
joke,2
jokes,2
JOKING,1
jolly,2
JOMBLO,1
JON,1
JONAS,1
JONES,2
JORDAN,1
JOSE,1
JOSH,1
JOURNEY,1
jovial,2
joy,3
joyful,3
joyfully,3
joyless,-2
joyous,3
JST,1
JUA,1
JUAL,1
JUAN,1
JUARA,2
jubilant,3
JUDGE,2
JUEGO,0
JUEVES,1
JUGAA,1
JUGAAA,1
JUGANDO,1
JUGAR,0
JUICE,1
JUJUR,1
JULIA,1
JULIE,1
JULIET,2
JULLIE,1
JULY,1
JUM,-1
JUMAT,1
JUM'AT,1
JUMP,1
JUMPA,1
JUMPED,0
JUMPING,1
jumpy,-1
JUNE,1
JUNIOR,1
JUNK,1
JUNTO,1
JUNTOS,1
JURO,0
JURUSAN,2
JUS,1
JUSS,1
justice,2
justifiably,2
justified,2
JUSTIN,1
JUSTO,0
JUVE,1
KAA,2
KAAA,1
KABAR,2
KABARIN,2
KABARNYA,2
KACAMATA,1
KADANG,1
KADAR,2
KADO,1
KAGA,0
KAGAK,0
KAH,1
KAK,2
KAKA,1
KAKAK,1
KAKI,-1
KALAH,0
KALAU,1
KALI,0
KALIAN,1
KALO,1
KAMAR,0
KAMBUH,-2
KAMER,1
KAMI,1
KAMIS,0
KAMPUNG,1
KAMPUS,0
KAMU,1
KAMUNYA,1
KAMUU,1
KANAN,0
KANG,1
KANGEEEN,-1
KANGEN,-1
KANINA,1
KANTOR,0
KAPAN,0
KAPAN2,1
KAPOT,-1
KARAOKE,1
KARATE,2
KAREN,1
KARENA,1
KARMA,1
KARNA,1
KARTU,0
KASI,1
KASIAN,-1
KASIH,2
KAT,1
KATA,1
KATE,1
KATIE,1
KATY,2
KAY,2
KAYA,0
KAYAK,0
KAYAKNYA,0
KAYANYA,0
KAYO,2
KBAR,2
KBR,2
KEADAAN,0
KEBANGUN,-1
KECEWA,-1
KECIL,1
KEDUA,1
keen,1
KEEP,1
KEEPING,1
KEEPS,0
KEER,1
KEITH,1
KEK,0
KELAR,1
KELAS,1
KELIATAN,1
KELLY,1
KELUAR,0
KEMANA,0
KEMAREN,0
KEMARIN,1
KEMBALI,1
KEN,1
KENA,0
KENAL,3
KENALAN,2
KENANGAN,1
KENAPA,-1
KENNY,2
KENYANG,2
KEPADA,2
KEPALA,-1
KEPIKIRAN,-1
KEPT,0
KERASA,0
KEREN,2
KERJA,1
KERJAAN,0
KERUMAH,0
KESANA,0
KESEL,-1
KESEPIAN,-1
KESIAN,-1
KESINI,0
KETAWA,1
KETEMU,0
KETEMUAN,1
KETIDURAN,0
KETIKA,1
KETINGGALAN,-1
KEVIN,1
KEY,1
KEYBOARD,1
KEYS,0
KFC,1
KGA,0
KGN,-1
KICK,1
KICKED,0
KICKING,1
KICKS,1
KID,1
KIDDING,1
KIDS,1
KIERO,0
KIJK,2
KIJKEN,2
KIKI,1
kill,-3
killed,-3
KILLER,0
KILLIN,0
killing,-3
kills,-3
KIM,1
KIMIA,1
kind,2
KINDA,1
kinder,2
KING,2
KINGS,1
KIRA,1
KIRAIN,1
KIRI,0
KIRIM,1
kiss,2
KISSES,2
KIT,1
KITCHEN,1
KITE,1
KITTY,0
KKA,2
KKK,0
KLAAR,2
KLAS,1
KLO,1
KLOPT,1
KLS,2
KLU,1
KLUAR,0
KMANA,0
KMAREN,0
KMN,0
KMNA,0
KMREN,0
KMRN,0
KMU,1
KNAL,3
KNAPA,-1
KNEE,-1
KNEW,1
KNICKS,1
KNIGHT,1
KNO,1
KNOCK,1
KNOCKED,0
KNOW,1
KNOWING,1
KNOWLEDGE,2
KNOWN,1
KNOWS,1
KNOWW,0
KNOWWW,0
KNP,0
KNPA,0
KNW,1
KOBE,2
KOE,0
KOFFIE,3
KOG,1
KOK,1
KOMEN,1
KON,0
KONDANGAN,0
KONG,1
KONSER,0
KOOL,2
KOPI,1
KOQ,0
KOREA,1
KOREAN,1
KOS,1
KOSAN,0
KOSONG,0
KOST,0
KOTA,1
KOUD,-1
KPAN,0
KPN,0
KRIS,1
KRN,1
KRNA,0
KSA,0
KSH,1
KTA,1
KTEMU,0
KTMU,0
KUAT,0
KUCING,0
kudos,3
KUDU,0
KUE,1
KUL,1
KULIAH,0
KUMPUL,1
KUNG,1
KURUS,0
KUT,-1
KUYA,2
KUYT,2
KYA,0
KYK,0
KYKNYA,0
KYLE,1
LAA,1
LAAA,0
LAAH,0
LAAT,1
LAATSTE,0
LAB,0
lack,-2
lackadaisical,-2
LAD,1
LADIES,2
LADILLA,-1
LADO,1
LADS,2
LADY,2
LAEN,1
lag,-1
lagged,-2
lagging,-2
LAGI,0
LAGIAN,0
LAGII,0
LAGIII,0
lags,-2
LAGU,1
LAGUNYA,1
LAH,1
LAHH,0
LAHIR,2
LAID,1
LAIN,1
LAINNYA,2
LAKE,2
LAKERS,2
LAKUKAN,1
LALA,1
LALU,1
LAM,2
LAMA,0
LAMA2,0
lame,-2
LAMPU,-1
LAN,1
LANCAR,3
LAND,1
LANDED,1
landmark,2
LANE,1
LANGE,0
LANGGENG,3
LANGS,2
LANGSUNG,1
LANGUAGE,1
LANJUT,2
LAP,1
LAPAR,-1
LAPER,-1
LAPTOP,0
LARGE,1
LARI,0
LAST,0
LASTIMA,-1
LASTNIGHT,1
LATE,1
LATELY,0
LATEN,1
LATER,1
LATEST,1
LATIAN,1
LATIHAN,1
LATTE,1
LAU,1
laugh,1
laughed,1
laughing,1
laughs,1
LAUGHTER,2
laughting,1
LAUNCH,1
launched,1
LAUNDRY,1
LAURA,1
LAUREN,1
LAW,1
LAWAN,1
lawl,3
lawsuit,-2
lawsuits,-2
LAY,1
LAYING,1
lazy,-1
LBH,1
LBS,1
LEAD,1
LEADER,2
LEAGUE,1
leak,-1
leaked,-1
LEARN,1
LEARNED,1
LEARNING,2
leave,-1
LEAVES,0
LEAVIN,0
LEAVING,0
LEBAY,0
LEBIH,2
LEBRON,1
LECTURE,0
LED,1
LEE,1
LEEDS,1
LEER,1
LEFT,0
LEG,0
legal,1
legally,1
LEGEND,2
LEGIT,1
LEGS,0
LEH,0
LEJOS,-1
LEK,0
LEKKER,2
LEMES,-1
LEMME,2
LEMON,1
LEMOT,-1
LENGKAP,0
lenient,1
LENT,1
LEO,1
LEPAS,1
LER,1
LEREN,0
LESS,1
LESSON,1
LESSONS,1
LET,1
lethargic,-2
lethargy,-2
LETS,2
LETTER,1
LETTERS,1
LETTING,1
LEUK,2
LEUKE,2
LEVAR,0
LEVEL,1
LEVEN,1
LEWAT,1
LGI,1
LGSG,0
LHA,0
LHO,1
LHOO,0
LIA,1
LIAM,1
liar,-3
liars,-3
LIAT,0
libelous,-2
LIBRARY,0
LIBRE,1
LIBUR,0
LIBURAN,0
LICENSE,1
LIE,1
lied,-2
LIEF,2
LIES,1
LIEVE,1
LIFE,1
lifesaver,4
LIFT,1
LIG,1
LIGA,1
LIGAR,0
LIGGEN,1
LIGHT,1
lighthearted,1
LIGHTS,1
LIGO,1
LIGT,0
LIHAT,1
like,2
liked,2
LIKELY,1
likes,2
LIKING,1
LIL,1
LIMIT,1
limitation,-1
limited,-1
limits,-1
LIN,1
LINDA,2
LINDAS,1
LINDO,2
LINDOS,2
LINE,1
LINES,1
LINK,1
LINKS,1
LION,1
LIP,0
LIPS,1
LIQUOR,1
LISA,1
LIST,1
LISTA,2
LISTEN,1
LISTENED,2
LISTENIN,2
LISTENING,2
LISTO,2
LIT,1
LITERALLY,0
litigation,-1
litigious,-2
LITTLE,1
LIV,1
LIVE,1
LIVED,0
lively,2
LIVERPOOL,2
LIVES,1
livid,-2
LIVIN,2
LIVING,1
LIZ,2
LLAMA,1
LLEGA,0
LLEGANDO,2
LLEGO,0
LLEGUE,1
LLEVO,0
LLORAR,-1
LLS,2
LLUVIA,1
lmao,4
LMAOO,1
LMAOOO,1
LMBO,2
lmfao,4
LMFAOO,1
LNG,1
LOAD,0
LOADS,1
loathe,-3
loathed,-3
loathes,-3
loathing,-3
lobby,-2
lobbying,-2
LOBSTER,2
LOCA,1
LOCATION,1
LOCK,1
LOCKED,0
LOCO,0
LOE,1
LOG,0
LOGO,0
LOH,1
lol,3
LOLA,1
LOLL,1
LOLLL,1
LOLOL,1
LOLS,2
LOLZ,1
LOMBA,1
LONDON,1
lonely,-2
lonesome,-2
LONG,1
LONGER,0
LONGEST,0
longing,-1
LONGLAST,4
LOO,0
LOOK,1
LOOKED,1
LOOKIN,2
LOOKING,1
LOOKS,1
LOOL,2
loom,-1
loomed,-1
looming,-1
looms,-1
LOOONG,1
LOOOVE,3
LOOP,1
loose,-3
looses,-3
LOPEN,0
LOR,0
LORD,1
LOSE,0
loser,-3
losing,-3
loss,-3
lost,-3
LOT,1
LOTS,1
LOUD,1
LOUIS,1
LOUNGE,1
lovable,3
love,3
loved,3
LOVEE,3
LOVEEE,3
lovelies,3
lovely,3
LOVER,2
LOVERS,2
LOVES,2
LOVIN,3
loving,2
LOW,0
LOWER,0
lowest,-1
loyal,3
loyalty,3
LUAR,1
LUCAS,1
luck,3
luckily,3
lucky,3
LUCU,2
LUCY,1
LUEGO,1
LUGAR,1
lugubrious,-2
LUIS,1
LUKE,1
LULUS,2
LUMAYAN,2
LUNA,1
lunatic,-3
lunatics,-3
LUNCH,1
LUNES,0
LUPA,1
lurk,-1
lurking,-1
lurks,-1
LUSH,2
LUV,2
LUZ,0
LYING,1
LYK,0
LYRICS,2
MAACI,3
MAACIH,3
MAAF,0
MAAFIN,0
MAAFKAN,-1
MAAK,1
MAAKT,1
MA'AM,2
MAANDAG,1
MAAP,0
MAAV,0
MAC,1
MACAM,0
MACBOOK,0
MACET,0
MACHINE,1
mad,-3
maddening,-3
MADE,1
made-up,-1
madly,-3
madness,-3
MADRE,1
MADRID,1
MADRUGADA,1
MAE,0
MAEN,0
MAG,1
MAGAZINE,2
MAGHRIB,2
MAGIC,1
MAGNUM,0
MAGRIB,2
MAH,0
MAHAL,0
MAI,0
MAIL,1
MAIN,1
MAJOR,0
MAK,0
MAKA,1
MAKAN,0
MAKAN2,2
MAKANAN,0
MAKANYA,0
MAKASI,4
MAKASIH,4
MAKASIHH,4
MAKASII,4
MAKASIIH,4
MAKE,1
MAKEN,1
MAKES,1
MAKEUP,1
MAKIN,1
MAKING,1
MAKSUD,1
MAKSUDNYA,1
MAL,-1
MALA,0
MALAH,-1
MALAM,1
MALANG,1
MALAS,0
MALAYSIA,1
MALDITA,-1
MALDITO,-1
MALE,1
MALEM,1
MALES,-1
MALL,2
MALMING,0
MALO,0
MALU,1
MAM,1
MAMA,1
MAMAH,0
MAMI,1
MAMPIR,1
MANA,1
MANAGE,1
MANAGED,1
MANAGEMENT,1
MANAGER,1
MANANA,1
MANCHESTER,1
MANDA,1
MANDAR,1
mandatory,-1
MANDE,1
MANDEI,1
MANDI,1
MANDO,1
MANE,1
MANEH,0
MANG,1
MANGGIL,1
MANGO,1
MANHA,0
manipulated,-1
manipulating,-1
manipulation,-1
MANIS,2
MANN,0
MANNN,0
MANO,0
MANTAN,1
MANTAP,2
MANU,1
MANUSIA,1
MANY,1
MAO,0
MAP,1
MAR,1
MARA,1
MARAH,0
MARATHON,2
MARCH,1
MARCO,1
MARDI,1
MARET,1
MARI,2
MARIA,1
MARIO,2
MARK,1
MARKET,1
MARKETING,1
MARKS,0
MARRIAGE,2
MARRIED,1
MARRY,2
MARS,1
MARTES,0
MARTIN,2
marvel,3
marvelous,3
marvels,3
MARY,1
MARZO,1
MASA,0
MASAK,1
MASALAH,1
MASAMA,4
MASI,0
MASIH,0
MASK,1
MASS,1
MASSA,1
MASSAGE,1
MASSIVE,0
MASTER,1
masterpiece,4
masterpieces,4
MASUK,0
MAT,1
MATA,0
MATANYA,1
MATAR,0
MATCH,1
MATE,2
MATERIAL,1
MATES,1
MATH,0
MATHS,0
MATI,-1
MATT,1
matter,1
matters,1
mature,2
MAUNYA,0
MAUU,0
MAUUU,0
MAX,1
MAY,1
MAYA,1
MAYBE,1
MAYOR,1
MBA,1
MBAH,1
MBAK,2
MBK,1
MCD,1
MCDONALD,1
MCDONALDS,1
MCFLY,0
MCM,0
MEAL,2
MEAN,1
MEANING,1
meaningful,2
meaningless,-2
MEANS,1
MEANT,1
MEAT,1
medal,3
MEDAN,1
MEDIA,1
MEDICINE,0
MEDIO,0
mediocrity,-3
meditative,1
MEDO,-1
MEDS,0
MEE,1
MEEE,1
MEER,0
MEET,1
MEETING,1
MEETINGS,0
MEGA,1
MEGAN,1
MEH,0
MEI,1
MEIO,0
MEJOR,2
MEJORES,2
MEL,1
melancholy,-2
MELBOURNE,1
MELHOR,1
MELIHAT,1
MELT,1
MEMANG,1
MEMBER,1
MEMBERS,1
MEMBUAT,1
MEMORIES,1
MEMORY,1
menace,-2
menaced,-2
MENANG,2
MENARIK,3
MENCARI,2
MENCOBA,2
MENDADAK,-1
MENDING,0
MENDINGAN,1
MENDUNG,0
MENGERTI,1
MENIKMATI,2
MENINA,0
MENINAS,1
MENINGGAL,-1
MENJADI,2
MENOS,0
MENSAJE,1
MENSEN,1
MENTAL,1
MENTE,1
MENTION,2
MENTIONED,2
MENTIONS,1
MENTIRA,0
MENU,1
MENUJU,2
MENUNGGU,1
MENURUT,2
MENYENANGKAN,2
MERAH,0
MERASA,1
MERAYAKAN,4
MERCI,5
mercy,2
MERDA,-1
MERECE,0
MEREKA,1
merry,3
MESES,0
mess,-2
MESSAGE,1
MESSAGES,1
messed,-2
messing up,-2
MESSY,1
MESTI,0
METAL,1
methodical,2
METRO,1
MEXICAN,2
MEXICO,1
MGA,1
MGKN,1
MIA,1
MIAMI,1
MICH,1
MICHELLE,1
MICHIGAN,1
MICKEY,1
MID,1
MIDDLE,1
MIDNIGHT,1
MIDTERM,0
MIE,0
MIEDO,-1
MIERDA,0
MIGHT,1
MIGHTY,2
MIGRAINE,-2
MII,0
MIJN,1
MIKE,1
MIKIRIN,0
MIL,1
MILAN,1
MILE,1
MILES,1
MILEY,2
MILK,1
MILKSHAKE,1
MILLER,2
MILLION,1
MILLIONS,2
MIMI,0
MIMIMI,-4
MIMPI,0
MIND,1
MINDER,0
mindless,-2
MINDS,2
MINES,1
MINGGU,1
MINGGUAN,1
MINI,1
MINS,1
MINT,2
MINTA,1
MINUM,0
MINUS,0
MINUTE,1
MINUTEN,1
MINUTES,1
MINUTOS,0
MIRA,1
miracle,4
MIRIP,1
MIRROR,1
mirth,3
mirthful,3
mirthfully,3
misbehave,-2
misbehaved,-2
misbehaves,-2
misbehaving,-2
mischief,-1
mischiefs,-1
miserable,-3
misery,-2
misgiving,-2
misinformation,-2
misinformed,-2
misinterpreted,-2
misleading,-3
MISMA,1
misread,-1
misreporting,-2
misrepresentation,-2
miss,-2
MISSCHIEN,1
missed,-2
MISSES,0
MISSIN,-1
missing,-2
MISSION,1
MISSS,-1
mistake,-2
mistaken,-2
mistakes,-2
mistaking,-2
MISTER,2
misunderstand,-2
misunderstanding,-2
misunderstands,-2
misunderstood,-2
MIX,1
MIXED,1
MIXTAPE,2
MKAN,0
MKASIH,4
MKN,0
MKSH,3
MKSIH,3
MLM,1
MLS,0
MMG,1
MMM,2
M'N,0
MNA,1
MNTA,1
moan,-2
moaned,-2
moaning,-2
moans,-2
MOBIL,0
MOBILE,0
mock,-2
mocked,-2
mocking,-2
mocks,-2
MODE,1
MODEL,2
MODEM,0
MODERN,2
MOE,0
MOEDER,1
MOET,0
MOETEN,0
MOGA,2
MOHON,2
MOM,1
MOMENT,1
MOMENTO,0
MOMENTOS,0
MOMENTS,1
MOMMA,2
MOMMY,1
MOMS,1
MONDAY,1
MONDAYS,0
MONEY,0
mongering,-2
MONICA,2
MONKEY,1
monopolize,-2
monopolized,-2
monopolizes,-2
monopolizing,-2
MONSTER,1
MONSTERS,2
MONTANA,1
MONTE,1
MONTH,1
MONTHS,1
MONTREAL,1
MOOD,1
moody,-1
MOOI,3
MOOIE,2
MOON,2
mope,-1
moping,-1
MORGAN,1
MORIR,0
MORN,1
MORNIN,2
MORNING,2
MORNINGG,3
MORNINGGG,3
MORNINGS,1
moron,-3
MORRENDO,-1
MOSTLY,1
MOTHER,1
motherfucker,-5
motherfucking,-5
MOTHERS,1
motivate,1
motivated,2
motivating,2
motivation,1
MOTOR,0
MOUNTAIN,1
mourn,-2
mourned,-2
mournful,-2
mourning,-2
mourns,-2
MOUSE,0
MOUTH,0
MOVE,1
MOVED,1
MOVES,2
MOVIE,2
MOVIES,2
MOVING,1
MPE,0
MRS,1
MSG,1
MSH,0
MSIH,0
MSK,0
MSM,0
MSN,0
MSUK,0
MTK,1
MTO,0
MTV,1
MUAH,2
MUCH,1
MUCHA,0
MUCHAS,2
MUCHO,1
MUDA,1
MUDAH,2
MUDAH2AN,2
MUERO,-1
MUFFIN,1
MUJER,1
MULAI,0
MULHER,1
MULTIPLE,1
MULU,-1
MUM,1
MUMMY,1
mumpish,-2
MUMPUNG,1
MUMS,1
MUNA,2
MUNCUL,0
MUNDO,0
MUNGKIN,1
MURAH,1
murder,-2
murderer,-2
murdering,-3
murderous,-3
murders,-2
MUSCLE,0
MUSEUM,2
MUSIC,2
MUSICA,1
MUSICAL,2
MUSICAS,1
MUSIK,2
MUST,1
MUUUITO,0
MUZIEK,1
MWAH,2
MYSPACE,1
myth,-1
MYY,1
n00b,-2
nave,-2
NAA,0
NAAA,1
NACHT,2
NAD,1
NADA,0
NADIE,0
NAEK,0
NAG,1
NAH,1
NAHH,1
NAILS,1
naive,-2
NAK,0
NAKED,1
NALANG,1
NAMAN,1
NAMANYA,1
NAMBAH,1
NAMED,2
NAMES,1
NAMORADO,-1
NAN,1
NANGIS,-1
NANTI,1
NANYA,1
NAP,1
NASHVILLE,1
NASIB,-1
nasty,-3
NAT,1
NATALIE,2
NATHAN,1
NATION,2
NATIONAL,1
natural,1
NATURE,1
NATUURLIJK,2
NAUGHTY,1
NAW,1
NBA,1
NCAA,2
NDA,0
NDAK,0
NDI,0
NDUT,0
NEAR,1
NEARLY,0
NECESITO,-1
NECK,0
NEED,0
NEEDED,2
needy,-2
NEEE,-1
NEEM,0
negative,-2
negativity,-2
neglect,-2
neglected,-2
neglecting,-2
neglects,-2
NEGRO,1
NEIGHBOR,1
NEIGHBORS,0
NEITHER,0
NEMENIN,1
NEMU,0
NENA,1
NENE,1
NENEK,1
NENG,1
NEPHEW,1
NERD,1
nerves,-1
nervous,-2
nervously,-2
NESSA,0
NETA,0
NETFLIX,1
NETWORK,1
NEVA,0
NEVER,1
NEVERMIND,1
NEW,2
NEWCASTLE,1
NEWEST,2
NEWS,1
NEXT,1
NFL,0
NGA,1
NGAK,0
NGAKAK,1
NGAMBEK,0
NGANTUK,0
NGAPA,0
NGAPAIN,1
NGASIH,1
NGE,0
NGELIAT,0
NGERASA,0
NGERJAIN,1
NGERTI,0
NGETWEET,1
NGGA,0
NGIDAM,-1
NGINEP,0
NGK,0
NGM,-2
NGOBROL,1
NGOMONG,0
NGOMONGIN,0
NGUCAPIN,1
NGUMPUL,0
NIA,1
NIAN,0
NIAT,0
nice,3
NICEEE,3
NICELY,2
NICER,1
NICEST,2
NICH,0
NICK,1
NICKI,1
NICOLE,2
NIE,0
NIECE,2
NIEMAND,-1
NIETS,0
NIEUWE,2
nifty,2
NIGGA,1
niggas,-5
nigger,-5
NIGHT,1
NIGHTMARE,-1
NIGHTS,1
NIGHTTT,2
NIGHTY,2
NIH,0
NIHH,0
NII,0
NIIH,0
NIKAH,1
NIKKI,2
NIKS,0
NILAI,1
NIN,1
NINA,1
NINE,1
NINGUEM,-2
NINJA,2
NIS,1
NIT,1
NITE,2
NITIP,1
NIVER,1
NIY,0
NNTI,1
NNTN,0
NNTON,0
no,-1
no fun,-3
noble,2
NOBODY,0
NOCH,1
NOCHE,1
NOCHES,3
NODIG,1
NOISE,1
noisy,-1
NOITE,2
NOKIA,1
NOMBRE,1
NOMER,1
NONE,0
NONGOL,1
nonsense,-2
NONTON,0
noob,-2
NOODLES,1
NOOIT,0
NOON,1
NOONE,0
NOOO,-1
NOPE,1
NORMAL,1
NORMALLY,1
NORTH,1
NOSE,-1
nosey,-2
not good,-2
not working,-3
NOTA,1
NOTE,1
NOTEBOOK,1
NOTES,1
NOTHIN,1
NOTHING,1
NOTICE,0
NOTICED,1
NOTICIA,0
notorious,-2
NOVA,1
novel,2
NOVELA,1
NOVEMBER,1
NOVIA,0
NOVIO,0
NOWHERE,0
NOWW,1
NOWWW,1
NTAR,1
NUCLEAR,1
NUESTRA,1
NUESTRO,1
NUEVA,2
NUEVO,1
NUGGETS,1
NULIS,1
numb,-1
NUMBER,1
NUMBERS,1
NUMERO,1
NUMPANG,1
NUNCA,0
NUNG,1
NUNGGU,0
NUNGGUIN,0
NUTELLA,1
nuts,-3
NYAA,1
NYAAA,1
NYADAR,0
NYAMAN,1
NYAMPE,1
NYANYI,1
NYEPI,3
NYESEK,-1
NYESEL,-1
NYOKAP,0
NYUSUL,1
O/,1
O_O,1
OALAH,1
OBAMA,1
OBAT,0
OBG,3
obliterate,-2
obliterated,-2
obnoxious,-3
OBRIGADA,2
OBRIGADO,3
obscene,-2
obsessed,2
obsolete,-2
obstacle,-2
obstacles,-2
obstinate,-2
OBVIO,1
OBVIOUS,1
OBVIOUSLY,1
O'CLOCK,1
OCTOBER,1
odd,-2
ODEIO,-1
ODIO,-1
OFCOURSE,2
offend,-2
offended,-2
offender,-2
offending,-2
offends,-2
OFFER,1
OFFICE,0
OFFICIAL,1
OFFICIALLY,1
offline,-1
OFTEN,1
OHAHA,3
OHEHE,3
OHH,1
OHHH,1
OHIO,1
OIA,2
OIE,2
OII,2
OIII,2
OIL,1
OIYA,1
OJALA,1
OJO,0
OJOS,0
OKAAAY,2
OKAAY,2
OKAY,2
OKAYY,2
OKAYYY,2
OKE,2
OKEDEH,3
OKEE,2
OKEEE,2
OKEH,2
OKEOKE,2
OKEY,2
OKIE,3
OKK,2
OKOK,2
oks,2
OLA,2
OLAHRAGA,1
OLD,1
OLDER,1
OLEH,1
OLEH2,1
OLHA,1
OLIVE,2
OLSUN,2
OLVIDO,-1
OMDAT,0
OMFG,0
OMG,0
OMGGG,0
ominous,3
OMW,2
once-in-a-lifetime,3
ONDA,1
ONDER,1
ONDERWEG,2
ONES,1
ONLINE,1
ONN,1
ONO,0
ONTBIJTEN,2
ONTEM,0
ONTO,1
ONZE,1
OOH,2
OOHH,1
OOI,3
OOO,1
OOOH,1
OOOHHH,1
OOOI,3
OOPS,1
OOVOO,1
OPA,1
OPEN,1
OPENED,1
OPENING,1
OPINION,2
OPO,1
OPPA,1
opportunities,2
opportunity,2
OPPOSITE,1
oppressed,-2
oppressive,-2
OPS,1
optimism,2
optimistic,2
OPTION,1
optionless,-2
OPTIONS,1
OPTOCHT,2
ORANG,1
ORANGE,1
ORANGNYA,1
ORDER,1
ORDERED,2
ORDERING,1
ORG,1
ORIGINAL,1
ORKUT,1
ORLANDO,1
ORLEANS,1
ORNG,1
ORTU,1
OSCAR,2
OSEA,0
OTAK,0
OTHERS,1
OTHERWISE,1
OTRA,0
OTW,2
OUCH,-1
OUDERS,0
OUI,2
outcry,-2
OUTFIT,2
outmaneuvered,-2
OUTRA,0
outrage,-3
outraged,-3
outreach,2
OUTSIDE,0
outstanding,5
OUTTA,1
OUVINDO,1
OUVIR,0
OVA,1
OVEN,1
OVERALL,2
overjoyed,4
overload,-1
overlooked,-1
overreact,-2
overreacted,-2
overreaction,-2
overreacts,-2
oversell,-2
overselling,-2
oversells,-2
oversimplification,-2
oversimplified,-2
oversimplifies,-2
oversimplify,-2
overstatement,-2
overstatements,-2
overweight,-1
OWE,1
OWH,1
OWL,1
OWNER,1
OWW,0
OWWW,0
oxymoron,-1
OYA,1
OYE,1
P.S,2
P.S.,2
PAAR,1
PACAR,1
PACARAN,1
PACARKU,1
PACARMU,1
PACARNYA,2
PACK,1
PACKAGE,1
PACKED,1
PACKING,1
PAD,1
PADAHAL,-1
PADANG,1
PADRE,1
PAG,1
PAGE,1
PAGES,0
PAGI,2
PAGI2,0
PAGII,3
PAI,0
PAID,1
pain,-2
pained,-2
PAINFUL,-1
PAINT,1
PAINTING,2
PAIR,1
PAIS,0
PAK,1
PAKAI,1
PAKE,1
PAKET,0
PAL,1
PALA,0
PALABRAS,1
PALING,1
PALM,1
PAN,1
PANA,0
PANAS,0
PANCAKE,1
PANCAKES,2
PANDA,1
PANDORA,2
PANEL,1
PANG,1
PANGGIL,1
panic,-3
panicked,-3
panics,-3
PANJANG,1
PANTAI,1
PANTES,1
PANTESAN,0
PANTS,1
PAPA,1
PAPAS,0
PAPER,0
PAPERS,0
PAPI,1
PARADE,1
paradise,3
paradox,-1
PARAH,-1
PARAMORE,0
PARAR,0
pardon,2
pardoned,2
pardoning,2
pardons,2
PARECE,1
PARENTS,1
PARIS,1
PARK,1
PARKING,0
parley,-1
PARTIDO,1
PARTIES,1
PARTIR,1
PARTIU,2
PARTNER,1
PARTS,1
PARTY,2
PARTYING,1
PASA,0
PASADO,0
PASANDO,0
PASAR,0
PASE,1
PASO,0
PASS,1
PASSA,1
PASSANDO,0
PASSAR,0
PASSED,0
PASSES,1
PASSING,1
PASSION,2
passionate,2
passive,-1
passively,-1
PASSWORD,0
PAST,1
PASTA,1
PASTI,1
PASTINYA,2
PASTOR,2
PAT,1
PATAH,-1
pathetic,-2
PATIENT,1
PATRICK,1
PATTY,1
PAU,1
PAUL,1
pay,-1
PAYAH,-1
PAYING,1
PAZ,1
PCR,0
PDA,0
PDHAL,-1
PDHL,-1
peace,2
peaceful,2
peacefully,2
PEANUT,1
PEARL,1
PEDI,1
PEDIR,1
PEDO,0
PEDULI,1
PEE,0
PEEPS,2
PEGA,0
PEGEL,-1
PEGI,0
PELAJARAN,1
PELI,1
PELICULA,1
PELIT,0
PELUK,0
PEN,0
PENA,0
penalty,-2
PENASARAN,1
PENDEK,1
PENDING,-1
PENGEN,-1
PENIS,1
PENSANDO,0
PENSAR,0
PENSE,0
pensive,-1
PENTING,1
PENUH,1
PENYAKIT,0
PEOPLE,1
PEOPLES,2
PEOR,-1
PEPPER,1
PERASAAN,0
PERCAYA,1
PERDER,0
PERDI,-2
PERDON,-1
perfect,3
perfected,2
perfectly,3
PERFECTO,2
perfects,2
PERFORM,1
PERFORMANCE,1
PERFORMING,2
PERFUME,1
PERHAPS,2
PERHATIAN,1
PERIH,-2
peril,-2
PERIOD,1
PERJALANAN,1
perjury,-3
PERLU,1
PERNAH,1
perpetrator,-2
perpetrators,-2
perplexed,-2
PERRY,2
persecute,-2
persecuted,-2
persecutes,-2
persecuting,-2
PERSON,1
PERSONAL,2
PERSONALLY,2
PERSONAS,1
PERTAMA,1
perturbed,-2
PERUT,-1
pesky,-2
pessimism,-2
pessimistic,-2
PESSOA,0
PESSOAL,2
PET,0
PETE,1
PETER,1
petrified,-2
PFF,-1
PFFF,-1
PGEN,-1
PGI,1
PGN,-1
PHEW,2
PHIL,1
PHILIPPINES,1
PHILLY,1
phobic,-2
PHOENIX,1
PHONE,0
PHONES,0
PHOTO,1
PHOTOGRAPHY,2
PHOTOS,1
PHOTOSHOOT,2
PHOTOSHOP,1
PHYSICS,0
PIANO,1
PIC,2
PICK,1
PICKED,1
PICKING,1
PICS,1
PICTURE,1
PICTURES,1
picturesque,2
PIE,1
PIECE,1
PIECES,1
PIENSO,0
PIERCED,1
PIERCING,0
PIES,0
PIG,1
PIJN,-2
PIKIRAN,1
PILEK,-2
pileup,-1
PILIH,1
PILLOW,1
PILLS,0
PIN,1
PINCHE,-1
PINDAH,0
PING,1
PINGIN,-1
PINJEM,1
PINK,1
PINTAR,1
PINTER,2
PINTU,0
PIOR,-1
pique,-2
piqued,-2
PISAN,0
PISCINA,0
piss,-4
pissed,-4
pissing,-3
PIT,1
PITCH,1
piteous,-2
pitied,-1
pity,-2
PIX,1
PIZZA,1
PKE,0
PLACE,1
PLACES,1
PLAIN,1
PLAN,1
PLANE,1
PLANES,0
PLANET,1
PLANNED,1
PLANNING,1
PLANS,1
PLANT,1
PLASTIC,0
PLATE,1
PLAY,1
PLAYA,0
PLAYED,1
PLAYER,1
PLAYERS,1
playful,2
PLAYIN,1
PLAYING,1
PLAYLIST,2
PLAYOFFS,1
PLAYS,2
PLAZA,2
pleasant,3
please,1
pleased,3
PLEASEE,1
PLEASEEE,1
pleasure,3
PLENTY,2
PLEZIER,3
PLG,0
PLIS,0
PLISS,0
PLNG,0
PLS,1
PLUS,1
PLZ,1
PNGEN,-1
PNGN,0
PNY,1
PNYA,0
POBRE,-1
POCKET,1
PODCAST,2
PODRE,-1
POINT,1
POINTS,1
poised,-2
poison,-2
poisoned,-2
poisons,-2
POKEMON,1
POKER,1
POKOKNYA,1
POLICE,0
POLISH,1
pollute,-2
polluted,-2
polluter,-2
polluters,-2
pollutes,-2
POLO,1
PON,1
PONE,0
PONER,1
PONG,1
POO,0
POOL,1
POOP,-1
poor,-2
poorer,-2
poorest,-2
POORLY,-2
POP,1
POPCORN,1
POPPIN,2
POPS,2
popular,3
POQUITO,1
PORFA,1
PORFAVOR,0
PORK,0
PORN,1
PORQ,1
PORRA,-1
PORT,1
PORTLAND,1
POS,1
POSITION,1
positive,2
positively,2
possessive,-2
POSSIBLE,1
POSSIBLY,1
POST,1
POSTED,2
POSTER,1
POSTERS,1
POSTING,1
postpone,-1
postponed,-1
postpones,-1
postponing,-1
POSTS,1
POT,1
POTATO,1
POTATOES,2
POTENTIAL,2
POTONG,0
POTTER,2
POUCO,1
POUNDS,1
POURING,0
poverty,-1
POW,1
POWER,1
powerful,2
powerless,-2
PPL,1
PQP,-2
PRACTICE,1
PRAIA,1
praise,3
praised,3
praises,3
praising,3
PRAKTEK,1
pray,1
PRAYER,2
PRAYERS,1
praying,1
prays,1
prblm,-2
prblms,-2
PRE,1
PRECIOUS,2
PRECISO,-1
PREFER,2
PREGNANT,1
PREMIERE,1
PREMIOS,1
PREP,1
PREPARE,1
prepared,1
PREPARING,1
PRESENT,2
PRESENTE,1
PRESENTS,2
PRESIDENT,2
PRESS,1
pressure,-1
pressured,-2
pretend,-1
pretending,-1
pretends,-1
pretty,1
prevent,-1
prevented,-1
preventing,-1
prevents,-1
PREVIEW,1
PREVIOUS,1
PRICE,1
PRICELESS,3
PRICES,0
prick,-5
PRIDE,2
PRIMA,1
PRIMEIRO,1
PRIMER,1
PRIMERA,1
PRINCE,1
PRINT,1
prison,-2
prisoner,-2
prisoners,-2
PRIVATE,1
privileged,2
PRIZE,2
PRNH,0
PRO,1
proactive,2
PROB,1
PROBABLY,1
problem,-2
PROBLEMA,0
PROBLEMAS,0
problems,-2
PROBS,1
PROCESS,1
PRODUCT,2
PRODUCTION,1
PRODUCTIVE,2
PRODUCTS,1
PROF,1
PROFESSIONAL,2
PROFESSOR,1
PROFILE,2
profiteer,-2
PROGRAM,1
PROGRAMA,1
progress,2
PROJECT,1
PROJECTS,1
PROLLY,1
PROM,1
prominent,2
promise,1
promised,1
promises,1
PROMO,1
promote,1
promoted,1
promotes,1
promoting,1
PRONTO,1
PROOF,1
propaganda,-2
PROPER,0
PROPERLY,0
prosecute,-1
prosecuted,-2
prosecutes,-1
prosecution,-1
prospect,1
prospects,1
prosperous,3
protect,1
protected,1
protects,1
protest,-2
protesters,-2
protesting,-2
protests,-2
proud,2
proudly,2
PROVA,0
PROVE,2
provoke,-1
provoked,-1
provokes,-1
provoking,-1
PROXIMA,0
PS3,1
pseudoscience,-3
PST,1
PSTI,1
PUAS,1
PUASA,1
PUB,1
PUBLIC,1
PUDDING,1
PUDE,-1
PUEDA,0
PUEDES,1
PUERTO,1
PUES,1
PUJI,3
PULA,0
PULANG,0
PULL,1
PULLED,0
PULLING,1
PULSA,0
PUMPED,2
PUN,0
PUNCAK,0
PUNCH,1
punish,-2
punished,-2
punishes,-2
punitive,-2
PUNK,1
PUNTO,1
PUNYA,1
PUP,0
PUPPY,0
PURA,1
PURCHASE,1
PURE,1
PURO,0
PURPLE,2
PURPOSE,1
PURSE,1
PUSE,0
PUSH,1
PUSHING,1
pushy,-1
PUSING,-1
PUSSY,1
PUT,1
PUTA,0
PUTIH,1
PUTRI,2
PUTS,1
PUTTING,1
PUTUS,0
puzzled,-2
PWEDE,1
QIERO,-1
QTA,1
quaking,-2
QUALITY,2
QUANTO,0
QUARTER,1
QUASE,0
QUEDA,0
QUEDE,-1
QUEDO,0
QUEE,0
QUEEE,0
QUEEN,2
QUEREMOS,1
QUERER,0
QUERIDA,2
QUERIDO,1
QUESTION,1
questionable,-2
questioned,-1
questioning,-1
QUESTIONS,1
QUICK,1
QUICKLY,0
QUIERAS,2
QUIERE,0
QUIEREN,0
QUIERES,1
QUIEROO,0
QUIET,1
QUISER,2
QUISIERA,-1
QUIT,1
QUITE,1
QUIZ,1
QUOI,2
QUOTE,2
QUOTES,2
R.I.P,-2
RABU,1
RACE,1
RACHEL,1
RACING,1
racism,-3
racist,-3
racists,-3
RAD,2
RADA,1
RADIO,1
RAFAEL,1
rage,-2
rageful,-2
RAIN,0
RAINBOW,2
RAINING,0
RAINS,0
rainy,-1
RAISE,2
RAISED,2
RAIVA,-1
RAJIN,2
RAMBUT,0
RAME,0
RAN,0
RANDOM,2
RANDOMLY,1
RANGE,1
RANGO,2
rant,-3
ranter,-3
ranters,-3
rants,-3
RAP,1
RAPAT,0
rape,-4
RAPIDO,0
rapist,-4
rapture,2
raptured,2
raptures,2
rapturous,4
RARE,1
RARO,0
RASA,1
rash,-2
RATE,0
RATHER,1
ratified,2
RATO,1
RAW,1
RAY,1
RAYA,4
RAZON,1
reach,1
reached,1
reaches,1
reaching,1
REACTION,1
READ,1
READY,1
REAL,1
REALIDAD,0
REALISE,0
REALISED,0
REALITY,0
REALIZE,1
REALIZED,0
REALLLY,0
REALLY,0
REALMENTE,0
REASON,1
REASONS,1
reassure,1
reassured,1
reassures,1
reassuring,2
rebellion,-2
RECEIVE,1
RECEIVED,1
RECENT,1
RECENTLY,1
recession,-2
RECIEN,1
RECIPE,2
reckless,-2
RECKON,2
recommend,2
recommended,2
recommends,2
RECORD,1
RECORDED,1
RECORDING,1
RECOVER,0
RED,1
redeemed,2
REDS,2
REFERENCE,2
REFRESHING,2
refuse,-2
refused,-2
refusing,-2
REGARDLESS,2
REGRESO,1
regret,-2
regretful,-2
regrets,-2
regretted,-2
regretting,-2
REGULAR,1
REHAB,-1
REHEARSAL,1
reject,-1
rejected,-1
rejecting,-1
rejects,-1
REJEKI,2
rejoice,4
rejoiced,4
rejoices,4
rejoicing,4
REK,0
RELA,1
RELATED,1
RELATIONSHIP,1
RELAX,2
relaxed,2
RELAXING,2
RELEASE,1
RELEASED,1
relentless,-1
reliant,2
RELIEF,1
relieve,1
relieved,2
relieves,1
relieving,2
RELIGION,1
relishing,2
remarkable,2
REMEMBER,1
REMEMBERED,1
REMIND,1
REMINDED,1
REMINDER,2
REMINDS,1
REMIX,2
remorse,-2
REMOTE,0
REMOVE,0
REN,1
RENANG,0
RENCANA,1
RENT,1
REP,1
REPEAT,1
REPLACE,0
REPLAY,1
REPLIED,1
REPLIES,0
REPLY,1
REPLYING,1
REPORT,0
repulse,-1
repulsed,-2
REQUEST,2
rescue,2
rescued,2
rescues,2
RESEARCH,1
resentful,-2
resign,-1
resigned,-1
resigning,-1
resigns,-1
RESIST,1
resolute,2
resolve,2
resolved,2
resolves,2
resolving,2
RESPECT,2
respected,2
RESPOND,1
RESPONDE,-1
RESPONDER,0
RESPONSE,1
responsible,2
responsive,2
REST,1
RESTAURANT,1
restful,2
restless,-2
RESTO,1
restore,1
restored,1
restores,1
restoring,1
restrict,-2
restricted,-2
restricting,-2
restriction,-2
restricts,-2
RESULT,1
RESULTS,1
retained,-1
retard,-2
retarded,-2
retreat,-1
RETURN,1
RETURNED,1
RETWEET,1
RETWEETED,2
REUNION,1
revenge,-2
revengeful,-2
revered,2
REVIEW,2
REVIEWS,1
REVISE,-1
REVISING,-1
REVISION,-1
revive,2
revives,2
reward,2
rewarded,2
rewarding,2
rewards,2
RIA,1
RIBET,0
RIBS,1
RICA,2
RICE,1
rich,2
RICHARD,1
RICHTING,2
RICK,1
RICKY,1
RICO,2
RID,0
RIDE,1
ridiculous,-3
RIDING,1
RIEN,2
rig,-1
rigged,-1
RIGHT,1
right direction,3
rigorous,3
rigorously,3
RIHANNA,1
RIN,1
RINDU,0
RING,1
RIO,1
riot,-2
riots,-2
RIP,-1
RISA,1
RISE,2
risk,-2
risks,-2
RITE,1
RIVER,1
RMH,0
ROAD,1
ROADS,1
ROAST,1
rob,-2
robber,-2
robed,-2
ROBERT,1
ROBIN,1
robing,-2
robs,-2
robust,2
ROCK,2
ROCKED,2
ROCKIN,3
ROCKING,2
ROCKS,2
rofl,4
roflcopter,4
roflmao,4
ROLA,1
ROLE,1
ROLL,1
ROLLING,1
ROLLS,1
romance,2
ROMANTIC,2
ROMANTIS,2
RON,1
ROOF,1
ROOM,1
ROOMIE,1
ROOMMATE,1
ROOT,1
ROSA,1
ROSE,2
ROSES,2
ROSS,1
rotfl,4
rotflmfao,4
rotflol,4
ROTI,1
ROUGH,0
ROUND,1
ROUTE,2
ROUTINE,1
ROW,1
ROYAL,1
RSRS,1
RUA,1
RUB,0
RUBBISH,0
RUBY,1
RUDE,0
RUGBY,1
RUIM,-1
ruin,-2
ruined,-2
ruining,-2
ruins,-2
RULE,2
RULES,2
RUM,1
RUMAH,0
RUMBO,2
RUN,1
RUNNING,1
RUNS,1
RUSAK,-1
RUSH,1
RUSTIG,1
RYAN,1
S/O,4
SAAT,1
SAATNYA,2
SABADO,1
SABAR,1
SABI,2
SABIA,0
sabotage,-2
SABTU,-1
SACO,-1
sad,-2
SADAR,1
sadden,-2
saddened,-2
sadly,-2
SADNESS,-1
safe,1
safely,1
safety,1
SAHABAT,1
SAI,0
SAIA,0
SAID,1
SAINDO,1
SAIR,0
SAIU,-1
SAJA,1
SAKA,3
SAKE,0
SAKIT,-1
SAKITNYA,-1
SALA,0
SALAD,1
SALAH,0
SALAM,3
SALAMAT,3
SALE,1
SALES,1
SALGO,0
SALI,0
SALIENDO,1
salient,1
SALING,2
SALIO,0
SALIR,0
SALON,1
SALSA,1
SALT,1
SALUDO,1
SALUDOS,3
SALUT,3
SALVADOR,0
SAM,1
SAMAAA,-1
SAMASAMA,4
SAMA-SAMA,4
SAMBIL,2
SAMPAI,1
SAN,1
SANA,1
SAND,1
SANDWICH,1
SANG,2
SANGAT,1
SANTA,1
SANTAI,1
SANTANA,1
SANTOS,1
SAO,0
SAPA,1
sappy,-1
SAR,1
SARAH,1
SARAN,2
SARAP,2
SARAPAN,1
sarcastic,-2
SAT,1
SATE,1
satisfied,2
SATNITE,1
SATURDAYS,1
SAUCE,1
SAUDADE,-2
SAUDADES,-1
SAUSAGE,1
save,2
saved,2
SAVING,1
SAVINGS,1
SAW,1
SAY,1
SAYAAANG,1
SAYAANG,1
SAYANG,1
SAYANGG,1
SAYIN,2
SAYING,1
SAYS,1
SBAR,1
SBB,1
SBLM,1
SBR,1
SBY,1
scam,-2
scams,-2
scandal,-3
scandalous,-3
scandals,-3
scapegoat,-2
scapegoats,-2
scare,-2
scared,-2
scary,-2
SCENE,1
SCENES,1
sceptical,-2
SCHATJE,0
SCHEDULE,1
SCHON,1
SCHOOLS,1
SCHOOOL,0
SCIENCE,0
scold,-2
scoop,3
SCORED,1
scorn,-2
scornful,-2
SCOTLAND,1
SCOTTY,2
SCRATCH,1
scream,-2
screamed,-2
screaming,-2
screams,-2
SCREEN,0
SCREW,0
screwed,-2
screwed up,-3
SCRIPT,1
scumbag,-4
SDH,1
SEAN,1
SEARCH,1
SEARCHING,1
SEAS,1
SEASON,1
SEASONS,1
SEAT,1
SEATS,1
SEATTLE,1
SEBEL,-1
SEBELAH,0
SEBENERNYA,0
SEBENTAR,1
SEBUAH,2
SEC,1
SECOND,1
SECONDS,1
SECRET,2
SECTION,1
secure,2
secured,2
secures,2
SECURITY,1
SEDANG,1
SEDIH,-1
SEDIKIT,1
sedition,-2
seditious,-2
seduced,-1
SEED,1
SEEE,1
SEEIN,1
SEEING,1
SEEM,0
SEEMED,0
SEEMS,0
SEEN,1
SEES,1
SEGALA,1
SEGERA,2
SEGINI,0
SEGUE,2
SEGUI,2
SEGUIDORES,1
SEGUINDO,4
SEGUIR,1
SEGUNDA,0
SEGUNDO,1
SEGURO,1
SEH,0
SEHARI,0
SEHARIAN,0
SEHAT,2
SEJAK,1
SEK,1
SEKALI,0
SEKALIAN,1
SEKARANG,1
SEKOLAH,1
SEL,1
SELAIN,1
SELALU,1
SELAMA,1
SELAMAT,3
SELASA,1
SELECTION,2
SELESAI,1
SELF,1
self-confident,2
self-deluded,-2
selfish,-3
selfishness,-3
SELL,1
SELLING,1
SEMAKIN,1
SEMALAM,0
SEMALEM,0
SEMANA,1
SEMANAS,0
SEMANGAT,2
SEMARANG,1
SEMBUH,1
SEMESTER,1
SEMI,1
SEMINAR,1
SEMINGGU,0
SEMOGA,2
SEMPET,0
SEMPURNA,2
SEMUAAA,1
SEMUANYA,1
SENANG,2
SENANGNYA,2
SEND,1
SENDING,1
SENDIRI,0
SENEN,0
SENENG,2
SENI,2
SENIN,1
SENIOR,1
SENSE,1
sentence,-2
sentenced,-2
sentences,-2
sentencing,-2
SENTI,-1
SENTINDO,-1
SENTIR,-1
SENYUM,2
SENYUMAN,3
SEORANG,1
SEPATU,0
SEPEDA,0
SEPERTI,1
SEPERTINYA,0
SEPI,-1
SEPTEMBER,1
SERA,0
SEREM,-1
serene,2
SERIA,1
SERIE,1
SERIES,1
SERING,1
SERIO,0
SERIOUS,0
SERIOUSLY,0
SERIUS,0
SERU,1
SERVE,1
SERVER,0
SERVICE,1
SERVICES,1
SESEORANG,1
SESH,2
SESSION,2
SESUATU,1
SET,1
SETAN,0
SETELAH,1
SETENGAH,0
SETIA,2
SETTING,1
SETTLE,1
SETUJU,2
SEUS,1
SEVEN,1
SEVERAL,1
severe,-2
SEXTA,1
sexy,3
SGT,1
SHA,1
SHAKE,1
SHAKING,-1
shaky,-2
SHALAT,3
SHALL,2
shame,-2
shamed,-2
shameful,-2
SHANE,2
SHAPE,1
share,1
shared,1
shares,1
SHARING,2
shattered,-2
SHAWTY,3
SHEEN,1
SHEETS,1
SHES,1
SHHH,1
SHIFT,0
SHINE,2
SHINEE,2
SHINING,2
SHINY,1
SHIP,1
SHIRT,1
SHIRTS,1
shit,-4
shithead,-4
shitty,-3
SHO,1
shock,-2
shocked,-2
shocking,-2
shocks,-2
SHOE,1
SHOES,1
SHOLAT,2
shoot,-1
SHOOTING,1
SHOP,1
SHOPPIN,2
SHOPPING,2
SHOPS,1
SHORE,2
SHORT,1
shortage,-2
shortages,-2
SHORTLY,1
SHORTS,1
short-sighted,-2
short-sightedness,-2
SHOT,1
SHOTS,1
SHOULDA,1
SHOULDER,0
SHOULD'VE,0
SHOUT,3
SHOUTOUT,3
SHOUTOUTS,3
SHOW,1
SHOWED,1
SHOWER,2
SHOWERS,1
SHOWING,1
SHOWS,1
shrew,-4
SHRIMP,2
SHUD,1
SHUT,1
shy,-1
SHYT,0
SIAL,-1
SIANG,1
SIAP,1
SIAP2,1
SIAPA,1
SIARAN,1
SIBUK,0
sick,-2
SIDE,1
SIDO,0
SIEMPRE,1
SIENTE,1
SIENTO,-1
SIGA,1
SIGAN,2
SIGE,2
sigh,-2
SIGHT,1
SIGN,1
SIGNAL,0
SIGNED,2
significance,1
significant,1
SIGNING,1
SIGNS,1
SIGO,1
SIGUE,1
SIGUES,1
SIH,0
SIHH,0
SII,1
SIII,1
SIIM,2
SIIP,3
SILA,1
SILAHKAN,3
SILENCE,1
silencing,-1
SILENT,2
silly,-1
SILVER,1
SIMILAR,1
SIMON,1
SIMPLE,2
SIMPLY,2
SIMS,1
SINCE,0
sincere,2
sincerely,2
sincerest,2
sincerity,2
sinful,-3
SING,1
SINGAPORE,1
SINGER,2
SINGING,2
SINGLE,1
singleminded,-2
SINI,0
SINO,1
SINTO,-1
SINYAL,-1
SIP,3
SIPP,3
SIR,2
SIS,1
SISI,1
SISSY,1
SISTER,1
SISTERS,1
SIT,1
SITE,1
SITES,1
SITTIN,1
SITTING,1
SITU,1
SITUATION,0
SIX,1
SIZE,1
SKALI,0
SKALIAN,1
SKARANG,1
SKATE,1
SKATING,1
skeptic,-2
skeptical,-2
skepticism,-2
skeptics,-2
SKG,1
SKI,1
SKIING,1
SKINNY,1
SKINS,1
SKOLA,1
SKOLAH,1
SKOOL,0
SKR,1
SKRG,0
SKRNG,1
SKT,-1
SKUL,1
SKY,1
SKYPE,1
SLAAP,1
SLALU,1
slam,-2
SLAMAT,3
SLAP,1
SLAPEN,1
slash,-2
slashed,-2
slashes,-2
slashing,-2
slavery,-3
SLEEEP,0
SLEEP,1
SLEEPING,0
sleeplessness,-2
SLEEPOVER,2
SLEEPS,1
SLEEPY,0
SLEPT,0
SLH,0
slick,2
slicker,2
slickest,2
SLIDE,1
SLIGHTLY,1
SLIM,1
SLM,3
SLMT,3
SLOW,0
SLOWLY,1
sluggish,-2
slut,-5
SM*SH,1
SMA,1
SMALL,1
SMANGAT,2
smart,1
smarter,2
smartest,2
SMASH,1
SMBUH,1
smear,-2
SMELL,1
SMELLS,1
SMG,2
SMGA,2
SMH,0
smile,2
smiled,2
smiles,2
SMILEY,2
smiling,2
SMITH,2
SMLM,0
smog,-2
SMOGA,2
SMOKE,1
SMOKING,1
SMOOTH,2
SMOOTHIE,2
SMP,1
SMPE,0
SMS,0
SMSAN,0
SMUA,1
SMUANYA,1
SNACK,1
SNACKS,1
SNAP,1
SNDIRI,0
SNDRI,0
SNEAK,1
sneaky,-1
SNEL,0
SNL,1
SNOW,0
SNOWING,0
SNSD,2
snub,-2
snubbed,-2
snubbing,-2
snubs,-2
SNUGGLE,1
SOAL,1
SOALNYA,0
SOB,1
SOBER,1
sobering,1
SOCCER,1
SOCIAL,1
SOCIETY,1
SOCKS,1
SODA,1
SODARA,1
SOFA,1
SOFT,1
SOFTBALL,1
SOFTWARE,1
SOH,0
SOIR,1
SOK,1
SOL,1
SOLA,-1
SOLAT,2
SOLD,-1
solemn,-1
solid,2
solidarity,2
solution,1
solutions,1
solve,1
solved,1
solves,1
solving,1
somber,-2
SOMBONG,0
some kind,0
SOMEBODY,1
SOMEDAY,2
SOMEHOW,1
SOMEONE,0
SOMEONES,1
SOMETHIN,1
SOMETHING,1
SOMETIME,2
SOMETIMES,1
SOMEWHAT,1
SOMEWHERE,1
SONG,2
SONGS,2
son-of-a-bitch,-5
SONS,2
SOO,1
SOON,1
SOONER,1
SOOO,1
SOOON,1
soothe,3
soothed,3
soothing,3
sophisticated,2
SOPO,1
sore,-1
SORI,0
sorrow,-2
sorrowful,-2
sorry,-1
SORT,1
SORTA,1
SORTE,1
SORTED,2
SORY,1
SOS,1
SOUL,2
SOUND,1
SOUNDED,1
SOUNDS,2
SOUNDTRACK,2
SOUP,1
SOUR,1
SOURCE,1
SOUTH,1
SOUTHERN,2
SOZINHA,-2
SOZINHO,-1
SPA,1
SPACE,1
SPAGHETTI,2
SPAIN,1
spam,-2
spammer,-3
spammers,-3
spamming,-2
SPANISH,1
SPARE,1
spark,1
sparkle,3
sparkles,3
sparkling,3
SPEAK,1
SPEAKING,1
SPEARS,2
SPECIAL,2
speculative,-2
SPEECH,1
SPEED,1
SPELEN,1
SPELL,1
SPELLING,1
SPEND,1
SPENDING,1
SPENT,1
SPIN,1
spirit,1
spirited,2
spiritless,-2
spiteful,-2
splendid,3
SPLIT,0
SPOILED,1
SPOKE,1
SPOKEN,1
SPONGEBOB,2
SPORT,1
SPORTS,1
SPOT,1
SPREAD,2
sprightly,2
SPRING,1
SPURS,1
SQUARE,1
squelched,-1
SRRY,0
SRY,0
STA,0
STAAN,1
STAAT,1
stab,-2
stabbed,-2
stable,2
stabs,-2
STAD,2
STADIUM,1
STAFF,1
STAGE,1
STAIRS,0
STALK,1
STALKER,1
STALKING,1
stall,-2
stalled,-2
stalling,-2
stamina,2
stampede,-2
STAN,1
STAND,1
STANDARD,1
STANDING,1
STAR,1
STARBUCKS,1
STARING,1
STARTED,1
STARTING,1
startled,-2
STARTS,1
starve,-2
starved,-2
starves,-2
starving,-2
STATEMENT,1
STATES,1
STATION,1
STATUS,1
STAY,1
STAYED,0
STAYING,1
steadfast,2
STEAK,2
steal,-2
steals,-2
STEEDS,0
STEP,2
STEPH,2
STEPHEN,1
STEPS,1
stereotype,-2
stereotyped,-2
STEVE,1
STEVEN,1
STFU,2
STICK,1
STICKS,1
stifled,-1
STIL,0
STILL,0
stimulate,1
stimulated,1
stimulates,1
stimulating,2
stingy,-2
STO,1
STOCK,0
STOKED,3
STOLE,0
stolen,-2
STOMACH,-1
STONE,1
STOOD,0
stop,-1
stopped,-1
stopping,-1
stops,-1
STORE,1
STORES,1
STORIES,1
STORM,0
STORY,1
stout,2
STOY,0
straight,1
STRAKS,1
strange,-1
strangely,-1
STRANGER,2
strangled,-2
STRAWBERRIES,2
STRAWBERRY,2
STREAM,0
STREAMING,0
STREETS,1
strength,2
strengthen,2
strengthened,2
strengthening,2
strengthens,2
stressed,-2
STRESSFUL,0
stressor,-2
stressors,-2
stricken,-2
strike,-1
strikers,-2
strikes,-1
STRINGS,2
STRIP,1
STROKES,2
strong,2
stronger,2
strongest,2
struck,-1
struggle,-2
struggled,-2
struggles,-2
struggling,-2
stubborn,-2
stuck,-2
STUDENT,1
STUDENTS,1
STUDIES,1
STUDIO,2
STUDY,0
STUDYING,0
STUFF,1
STUFFED,1
stunned,-2
stunning,4
stupid,-2
stupidly,-2
STYLE,2
SUAMI,1
SUARA,0
SUARANYA,1
SUAREZ,2
SUASANA,1
SUATU,2
suave,2
SUB,1
SUBHANALLAH,2
SUBJECT,1
substantial,1
substantially,1
SUBUH,1
subversive,-2
SUBWAY,1
SUCCES,2
success,2
successful,3
suck,-3
SUCKED,-1
sucks,-3
SUDAH,1
SUDDEN,0
SUDDENLY,0
SUE,1
SUERTE,2
suffer,-2
suffering,-2
suffers,-2
SUGAR,1
SUGGEST,2
SUGGESTION,2
SUGGESTIONS,1
suicidal,-2
suicide,-2
suing,-2
SUKSES,3
SULIT,0
sulking,-2
sulky,-2
sullen,-2
SUM,1
SUMMER,1
SUMPAH,-1
SUN,1
SUNDAY,2
SUNDAYS,1
SUNGGUH,0
SUNNY,1
SUNSET,2
sunshine,2
SUP,2
SUPAYA,1
super,3
superb,5
superior,2
SUPERMAN,1
SUPERNATURAL,1
SUPPER,1
support,2
supported,2
supporter,1
supporters,1
supporting,1
supportive,2
supports,2
SUPPOSE,0
SUPPOSED,0
SURABAYA,1
SURE,2
SURELY,1
SURGERY,0
SURPRISE,2
SURPRISED,2
SURPRISINGLY,2
SURUH,0
SURVIVE,1
survived,2
surviving,2
survivor,2
SUSAH,-1
SUSHI,1
suspect,-1
suspected,-1
suspecting,-1
suspects,-1
suspend,-1
suspended,-1
suspicious,-2
SUSU,1
SUX,-1
SWAG,2
SWAN,1
swear,-2
swearing,-2
swears,-2
SWEAT,2
SWEATER,1
SWEEET,2
sweet,2
SWEETEST,3
SWEETHEART,2
SWEETIE,2
SWEETS,1
SWEETY,2
swift,2
swiftly,2
SWIM,1
SWIMMING,1
swindle,-3
swindles,-3
swindling,-3
SWINE,-1
SWING,1
SWITCH,1
SWOLLEN,-2
SXSW,1
SYA,1
SYANG,1
SYDNEY,1
SYG,1
sympathetic,2
sympathy,2
SYNG,1
SYP,1
SYSTEM,0
T.T,-1
T_T,-1
TAB,1
TABLE,1
TACO,1
TACOS,2
TAD,1
TADI,0
TAG,1
TAH,0
TAHAN,0
TAHU,1
TAHUN,2
TAKE,1
TAKEN,0
TAKES,1
TAKIN,1
TAKING,1
TAKUT,-1
TALAGA,1
TALENT,2
TALENTED,3
TALK,1
TALKED,1
TALKIN,1
TALKING,1
TALKS,1
TALL,1
TALVEZ,1
TAM,1
TAMBAH,1
TAMBEM,0
TAMBIEN,1
TAMO,1
TAMPOCO,-1
TANGAN,0
TANGGAL,1
TANK,1
TANNING,2
TANPA,0
TANTE,1
TANYA,1
TAP,1
TAPE,1
TAR,1
TARA,1
tard,-2
TARDE,2
TARDES,3
TAREA,0
TARGET,1
TAS,1
TASTE,1
TASTES,1
TASTY,2
TAT,1
TATTOO,1
TATTOOS,1
TAU,0
TAUGHT,2
TAUN,1
TAUU,0
TAVA,0
TAX,1
TAXES,1
TAXI,0
TAYANG,0
TAYLOR,1
TAYO,1
TBH,1
TBM,0
TCHAU,1
TDI,0
TDK,1
TDR,0
TDUR,0
TEA,1
TEACH,1
TEACHER,1
TEACHERS,1
TEACHING,2
TEAM,1
TEAMS,1
TEAR,0
tears,-2
TECH,1
TECHNOLOGY,1
TEDDY,1
TEE,1
TEEN,1
TEETH,0
TEGA,-2
TEGEN,1
TEH,1
TEL,1
TELAH,1
TELAT,0
TELE,1
TELL,1
TELLING,1
TELLS,1
TEMA,1
TEMAN,2
TEMAN2,2
TEMEN,1
TEMEN2,1
TEMENIN,0
TEMENNYA,1
TEMP,0
TEMPAT,1
TEMPLE,2
TEMPRANO,0
TEMPTED,0
TEN,1
TENANG,1
TEND,1
tender,2
TENGA,1
TENGAH,1
TENGAN,2
TENGAS,3
TENGGOROKAN,-2
TENGKYU,4
TENIA,0
TENNIS,1
tense,-2
tension,-1
TENSO,-1
TENTANG,1
TENTU,1
TEPAT,1
TEPATIN,5
TEQUILA,1
TERAKHIR,0
TERASA,0
TERBAIK,2
TERIMA,3
TERIMAKASIH,4
TERJADI,1
TERLALU,0
TERM,0
TERMINANDO,1
TERMINAR,1
TERMINE,1
TERMINO,0
TERNYATA,0
terrible,-3
terribly,-3
terrific,4
terrified,-3
terror,-3
terrorize,-3
terrorized,-3
terrorizes,-3
TERSENYUM,3
TERSERAH,1
TERUG,1
TERUS,0
TEST,1
TESTING,1
TESTS,0
TETAP,2
TETEH,1
TETEP,1
TEXAS,1
TEXT,1
TEXTED,0
TEXTING,1
TEXTS,1
TGIF,2
TGL,1
TGS,0
THA,1
THAI,1
THAILAND,1
THANG,2
thank,2
thankful,2
THANKFULLY,1
thanks,2
THANKSS,4
THANKSSS,3
THANKYOU,3
THANKYOUU,4
THANX,3
THAT'D,2
THAT'LL,1
THATS,1
THEATER,1
THEATRE,1
THEME,2
THEORY,1
THERAPY,2
THEREFORE,1
THERES,0
THEYRE,1
THICK,1
THING,1
THINGS,1
THINGY,1
THINK,1
THINKIN,1
THINKS,1
THIRD,1
THIRSTY,0
THN,1
THNKS,3
THO,1
THOMAS,1
thorny,-2
THOUGH,1
THOUGHT,1
thoughtful,2
thoughtless,-2
THOUGHTS,1
THOUSAND,1
threat,-2
threaten,-2
threatened,-2
threatening,-2
threatens,-2
threats,-2
THREE,1
THREW,0
thrilled,5
THROAT,-2
THROWING,0
THT,1
THUIS,1
THUNDER,0
THURS,0
THURSDAY,1
THUS,1
thwart,-2
thwarted,-2
thwarting,-2
thwarts,-2
THX,3
TIA,1
TIAP,0
TIBA,0
TIBA2,0
TICKET,0
TICKETS,0
TIDAK,1
TIDUR,0
TIE,1
TIED,1
TIENES,0
TIGER,2
TIGHT,1
TIJD,1
TIK,1
TIKET,0
TIM,1
TIME,1
TIMEE,2
TIMEEE,2
TIMELINE,1
TIMES,1
timid,-2
TIMING,1
timorous,-2
TIN,1
TING,1
TINGGAL,1
TINGGI,1
TINGKAT,0
TINY,1
TIP,2
TIPS,2
TIRAR,0
TIRE,0
tired,-2
TIRING,1
TIROL,1
TIS,1
TITIP,1
TITLE,1
tits,-2
TIX,0
TKS,3
TLG,1
TMB,1
TMEN,1
TMN,1
TMN2,1
TMPT,0
TMR,0
TMRW,1
TNGO,-1
TNX,3
TOAST,1
TOCA,1
TODA,0
TODAS,1
TODAY,1
TODAYS,1
TODAYY,1
TOE,0
TOEN,0
TOES,1
TOGETHER,1
TOH,1
TOI,2
TOILET,0
TOK,0
TOKYO,1
TOL,0
TOLD,1
tolerant,2
TOLONG,1
TOM,1
TOMA,1
TOMANDO,1
TOMAR,1
TOMEI,1
TOMMOROW,1
TOMO,1
TOMOROW,1
TOMORROW,1
TOMORROWS,1
TONG,0
TONGUE,0
TONIGHT,1
TONIGHTS,1
TONITE,1
TONS,1
TONY,1
TOOK,1
TOOL,1
TOOO,1
TOOTH,-1
toothless,-2
top,2
TOPIC,2
TOPICS,1
tops,2
torn,-2
TORONTO,1
torture,-4
tortured,-4
tortures,-4
torturing,-4
TOS,0
TOSH,2
TOTAL,0
totalitarian,-2
totalitarianism,-2
TOTALLY,1
TOU,0
TOUCH,1
TOUCHED,1
TOUGH,1
TOUR,1
TOURNAMENT,1
tout,-2
touted,-2
touting,-2
touts,-2
TOWARDS,1
TOWN,1
TOY,0
TPI,0
TQM,2
TRABAJANDO,0
TRACK,1
TRACKS,2
TRADE,1
TRAFFIC,0
tragedy,-2
tragic,-2
TRAILER,1
TRAIN,1
TRAINING,1
TRAINS,0
TRAKTIR,2
tranquil,2
TRANQUILA,2
TRANQUILO,2
TRANS,1
TRANSFER,1
trap,-1
trapped,-2
TRASH,1
trauma,-3
traumatic,-3
TRAVEL,1
TRAVELING,1
TRAVELS,2
travesty,-2
treason,-3
treasonous,-3
treasure,2
treasures,2
TREAT,2
TREATING,2
TREE,1
TREES,1
TREIN,1
TREK,1
trembling,-2
tremulous,-2
TREND,2
TRENDING,2
TRES,1
TREY,2
TRI,1
TRICK,1
tricked,-2
trickery,-2
TRIED,0
TRIP,1
TRIPLE,1
TRIPS,1
TRISTE,-2
TRISTEZA,-1
triumph,4
triumphant,4
trouble,-2
troubled,-2
troubles,-2
TROUWENS,2
TRS,0
TRUCK,1
TRULY,2
TRUS,0
trust,1
trusted,2
TRUTH,2
TRY,1
TRYIN,1
TRYING,0
TRYNA,1
T-SHIRT,2
TSK,0
TSUNAMI,0
TTG,1
TTP,1
TTYL,2
TUB,1
TUBE,1
TUES,1
TUESDAY,1
TUGAS,0
TUH,1
TUHAN,1
TUITION,0
TUJUAN,2
TUK,1
TUKANG,0
TUMBEN,1
TUMBLR,1
TUMMY,-1
tumor,-2
TUNE,2
TUNED,3
TUNES,2
TUNGGU,2
TURKEY,1
TURN,1
TURNED,1
TURNING,1
TURNS,1
TURUN,0
TURUT,0
TUS,1
TUTTI,3
TUTUP,0
TUU,1
TUVE,0
twat,-5
TWEE,1
TWEEPLE,2
TWEEPS,3
TWEET,1
TWEETDECK,0
TWEETED,1
TWEETER,1
TWEETERS,2
TWEETHEARTS,3
TWEETIES,3
TWEETIN,1
TWEETING,1
TWEETS,1
TWICE,1
TWIN,1
TWINS,2
TWIT,1
TWITCAM,1
TWITCON,4
TWITPIC,1
TWITT,1
TWITTER,1
TWITTERAN,1
TWITTERING,1
TWITTERLAND,2
TWITTERS,1
TWO,1
TXT,1
TYLER,1
TYPE,1
TYPING,1
U.U,0
U_U,-1
UANG,0
UAS,1
UBER,1
UBERSOCIAL,1
UDA,1
UDAHAN,0
UDH,1
UFF,1
UFFF,1
UGH,-2
UGHH,-1
UGHHH,-2
ugly,-3
UHH,1
UHHH,0
UHM,1
UJAN,0
UJIAN,1
ULANG,2
ULANGAN,0
ULIT,2
U'LL,2
ULTAH,2
ULTIMA,0
ULTIMATE,1
UMM,1
unacceptable,-2
unappreciated,-2
unapproved,-2
unaware,-2
unbelievable,-1
unbelieving,-1
unbiased,2
UNC,2
uncertain,-1
UNCLE,1
unclear,-1
uncomfortable,-2
unconcerned,-2
unconfirmed,-1
unconvinced,-1
uncredited,-1
undecided,-1
underestimate,-1
underestimated,-1
underestimates,-1
underestimating,-1
undermine,-2
undermined,-2
undermines,-2
undermining,-2
UNDERSTAND,1
undeserving,-2
undesirable,-2
uneasy,-2
unemployment,-2
unequal,-1
unequaled,2
unethical,-2
UNEXPECTED,1
unfair,-2
unfocused,-2
UNFOLLOW,1
UNFOLLOWED,0
UNFORTUNATELY,-1
unfulfilled,-2
UNG,1
UNHA,0
unhappy,-2
unhealthy,-2
UNI,0
UNICA,0
UNICO,0
unified,1
unimpressed,-2
unintelligent,-2
UNION,1
UNIQUE,3
united,1
UNIVERSE,2
UNIVERSITY,1
unjust,-2
UNKNOWN,1
UNLESS,1
unlovable,-2
unloved,-2
unmatched,1
unmotivated,-2
UNNIE,1
unprofessional,-2
unresearched,-2
unsatisfied,-2
unsecured,-2
unsettled,-1
unsophisticated,-2
unstable,-2
unstoppable,2
unsupported,-2
unsure,-1
untarnished,2
UNTUNG,1
unwanted,-2
unworthy,-2
UNYU,1
UPCOMING,2
UPDATE,1
UPDATED,1
UPDATES,1
UPDATING,1
UPGRADE,1
UPLOAD,1
UPLOADED,1
UPLOADING,2
UPON,1
UPPP,1
UPS,1
upset,-2
upsets,-2
upsetting,-2
UPSIDE,1
UPSTAIRS,0
uptight,-2
URBAN,1
URE,2
U'RE,2
URGE,0
urgent,-1
URGH,-2
URL,1
URS,1
URSELF,2
URUSAN,1
URWEL,4
URWELL,5
USAH,1
USAHA,2
USB,0
USE,1
USED,1
useful,2
usefulness,2
useless,-2
uselessness,-2
USER,1
USERNAME,2
USERS,1
USES,1
USHER,1
USING,1
USTED,1
USTEDES,1
USTREAM,1
USUAL,1
USUALLY,1
UTD,1
UTK,2
UTS,1
UUR,0
UURTJE,1
UURTJES,1
UUU,0
VACATION,1
VADER,1
vague,-2
VAKANTIE,0
VALEU,2
validate,1
validated,1
validates,1
validating,1
VALLA,1
VALLEY,1
VALT,1
VALUE,1
VAMO,1
VAMPIRE,1
VANAF,1
VANAVOND,2
VANCOUVER,1
VANDAAG,1
VANESSA,1
VANILLA,1
VANMIDDAG,1
VAST,1
VCS,1
VDD,0
VECES,0
VEEL,1
VEGAS,1
VEIO,0
VEJO,0
VEMOS,2
VEN,0
VENDO,1
VENEZUELA,1
VENGA,1
VENIR,0
VENUE,1
VEO,0
VERDER,1
verdict,-1
verdicts,-1
VERE,1
VERGETEN,0
VERJAARDAG,2
VERSION,1
VERTE,0
VES,1
vested,1
VET,0
vexation,-2
vexing,-2
VEZ,0
VEZES,0
VIA,1
VIAGEM,1
VIAJAR,0
VIAJE,1
VIBES,3
vibrant,3
vicious,-2
victim,-3
victimize,-3
victimized,-3
victimizes,-3
victimizing,-3
victims,-3
VICTORIA,1
VICTORY,2
VIDA,1
VIDEO,1
VIDEOS,1
VIDS,1
VIENDO,2
VIENE,1
VIEREN,1
VIERNES,1
VIERRA,2
VIEW,1
VIEWS,2
vigilant,3
vile,-3
VILLA,1
VILLAGE,2
VIM,0
VIN,1
VIND,1
VINDEN,1
vindicate,2
vindicated,2
vindicates,2
vindicating,2
VINO,1
violate,-2
violated,-2
violates,-2
violating,-2
violence,-3
violent,-3
VIP,1
VIR,0
VIRGIN,1
VIRTUAL,1
virtuous,2
virulent,-2
VIRUS,0
vision,1
visionary,3
visioning,1
visions,1
VISIT,1
VISITED,1
VISITING,1
VISTA,1
VISTE,0
VISTO,0
vitality,3
vitamin,1
vitriolic,-3
VIVA,2
vivacious,3
VIVIR,1
VIVO,0
VOCES,1
vociferous,-1
VODKA,1
VOEL,0
VOETBAL,1
VOICE,1
VOL,1
VOLGENDE,2
VOLGENS,1
VOLLEYBALL,1
VOLTA,1
VOLTAR,0
VOLTEI,3
VOLTO,2
VOLVER,0
VOND,1
VOORBIJ,-1
VOS,1
VOTE,2
VOTED,2
VOZ,0
VRIJ,1
VRIJDAG,1
VROEG,0
VUELTA,1
VUELVO,1
vulnerability,-2
vulnerable,-2
W/,2
W/O,0
WAA,0
WAAA,-1
WAAAH,-1
WAAAY,0
WAAH,0
WAAR,1
WACHTEN,1
WACK,0
WADUH,0
WAE,0
WAFFLE,1
WAFFLES,1
WAH,1
WAHAHA,1
WAHH,0
WAHHH,-1
WAIT,2
WAITED,0
WAITIN,1
WAITING,1
WAKE,0
WAKING,1
WAKKER,0
WAKTU,1
WAKTUNYA,2
WALA,0
WALAUPUN,1
WALK,1
WALKED,1
WALKING,1
walkout,-2
walkouts,-2
WALL,1
WALLET,0
WALMART,2
WAN,0
WANA,0
WANITA,2
wanker,-3
WANNA,0
WANNEER,1
want,1
WANTED,0
WANTING,0
WANTS,1
war,-2
WAREN,1
warfare,-2
warm,1
WARMER,1
warmth,2
warn,-2
WARNA,1
warned,-2
warning,-3
warnings,-3
warns,-2
WARS,1
WASH,1
WASHED,1
WASHING,1
WASHINGTON,1
WASNT,0
WASSUP,2
waste,-1
wasted,-2
wasting,-2
WATCH,1
WATCHED,1
WATCHIN,2
WATCHING,2
WATER,1
WATS,1
WAVE,1
wavering,-1
WAW,1
WAY,1
WAYNE,1
WAYS,1
WAYYY,0
WBU,2
weak,-2
weakness,-2
wealth,3
wealthy,2
WEAR,1
WEARING,1
weary,-2
WEATHER,1
WEB,1
WEBSITE,1
WED,1
WEDDING,2
WEDNESDAY,1
WEDSTRIJD,1
WEE,1
WEED,1
WEEE,1
WEEK,1
WEEKEND,1
WEEKENDS,0
WEEKLY,1
WEEKS,0
weep,-2
weeping,-2
WEET,1
WEG,0
WEH,0
WEIGHT,0
weird,-2
welcome,2
welcomed,2
welcomes,2
WELL,1
WELLL,1
WELP,1
WEN,1
WENT,1
WERD,1
WERK,1
WERKEN,0
WES,0
WEST,1
WET,0
WETEN,2
WEW,1
WEY,0
WHAAAT,0
WHATEVER,2
WHATS,1
WHEEL,0
WHENEVER,1
WHERES,0
WHEREVER,2
WHETHER,1
WHEW,2
WHILST,1
whimsical,1
WHIP,2
WHITE,1
whitewash,-3
WHOA,1
WHOEVER,1
WHOLE,1
WHOO,2
WHOOO,2
WHOOP,3
whore,-4
WHOS,1
WHOSE,1
WHT,1
WHYYY,-2
wicked,-2
WID,1
widowed,-1
WIF,1
WIFEY,1
WII,1
WILLIAMS,1
WILLING,2
willingness,2
win,4
WIND,0
WINDOW,1
WINDOWS,0
WINDY,0
WINE,2
WING,1
WINGS,2
winner,4
winning,4
wins,4
WINTER,1
winwin,3
WIS,1
WISDOM,0
WISE,2
wish,1
WISHED,0
wishes,1
wishing,1
WIT,1
withdrawal,-3
WITHIN,1
WITHOUT,0
WIVES,2
WIZ,2
WKEND,1
WKND,1
WKT,0
WKTU,0
WKWK,1
WKWKRT,1
WKWKW,1
WKWKWK,1
WKWKWKWK,1
WOAH,1
woebegone,-2
woeful,-3
WOI,0
WOKE,0
WOKEN,0
WOLVERINE,0
WOMAN,2
WOMEN,2
won,3
WONDER,1
wonderful,4
WONDERING,1
WONDERS,1
WONG,1
woo,3
WOOD,1
woohoo,3
wooo,4
WOOOHOOO,3
WOOP,3
WOOT,3
woow,4
WORDS,1
WORE,1
WORK,0
WORKED,1
WORKIN,1
WORKING,0
WORKOUT,2
WORKS,1
WORKSHOP,1
WORLD,2
WORLDS,1
worn,-1
worried,-3
WORRIES,3
worry,-3
worrying,-3
worse,-3
worsen,-3
worsened,-3
worsening,-3
worsens,-3
WORSHIP,2
worshiped,3
worst,-3
worth,2
worthless,-2
worthy,2
WOU,-1
WOULDA,0
WOULDNT,1
WOULD'VE,0
wow,4
wowow,4
wowww,4
WOY,0
WRAP,1
wrathful,-3
wreck,-2
WRIST,-1
WRITE,1
WRITER,2
WRITING,1
WRITTEN,1
WRK,0
wrong,-2
wronged,-2
WROTE,1
wtf,-4
WTH,0
WUD,1
WUT,1
WYATB,5
WYD,2
X_X,0
XANDER,-1
XBOX,1
XDD,1
XDDD,1
XOX,1
XOXO,2
XXX,1
YAA,2
YAAA,1
YAAAH,-1
YAAAY,3
YAAH,0
YAAHH,0
YAALLAH,0
YAAMPUN,-1
YAAY,2
YAH,1
YAHH,0
YAHHH,0
YAHOO,1
YAK,1
YAKIN,1
YALL,1
YA'LL,2
Y'ALL,2
Y'ALL!,3
YAN,1
YANK,0
YAP,2
YARD,1
YART,1
YAS,1
YAUDA,1
YAUDAH,1
YAW,2
YAY,2
YAYA,1
YAYAYA,1
YAYY,3
YAYYY,3
YEA,1
YEAA,2
YEAAA,2
YEAAAH,2
YEAAH,2
yeah,1
YEAHH,2
YEAHHH,2
YEAP,2
YEAR,1
yearning,1
YEARS,1
YEAY,2
YEE,1
YEEE,2
yeees,2
YEH,1
YELLOW,1
YEP,2
YER,2
yes,1
YESS,2
YET,0
YEY,2
YHU,2
YNG,1
YOGA,1
YOGURT,1
YOI,1
YOK,1
YOO,1
YOOO,1
YORK,1
YOUNG,1
YOUNGER,1
YOURE,2
YOUS,1
YOUTH,2
youthful,2
YOUTUBE,1
YOUU,2
YOUUU,1
YRS,1
YUCK,-1
yucky,-2
YUH,1
YUK,1
YUKK,1
YUM,3
YUMM,3
YUMMM,3
yummy,3
YUN,1
YUNG,1
YUP,2
YUPP,2
YUR,2
YUU,1
YUUK,1
YUUU,1
YUUUK,1
YYA,2
ZACH,1
ZAG,1
ZAMAN,2
ZAT,1
ZATERDAG,1
zealot,-2
zealots,-2
zealous,2
ZEG,1
ZEGGEN,1
ZEGT,0
ZEKER,2
ZELF,1
ZERO,1
ZETTEN,1
ZIEK,-2
ZIEN,1
ZIET,2
ZIN,0
ZITTEN,1
ZOMBIE,0
ZOMBIES,1
ZOMETEEN,1
ZON,1
ZO'N,1
ZONDAG,1
ZONDER,0
ZONE,1
ZONNETJE,2
ZOOO,0
ZZZ,1
TRUE,2
